"","text","created_at","label"
"1","Big (order of magnitude) 3rd shot impact of J&amp;J or Pfizer vaccine after 2 doses of Pfizer for both neutralizing antibody and T-cell response vs Delta https://t.co/FATs9LHFny confirms powerful booster effect and extends to J&amp;J, cellular immune response https://t.co/Jbnx5UDuxf",2021-12-05 19:08:33,0
"2","If you say all adults should get a booster, as CDC finally did, that means mRNA vaccines (and all others except J&amp;J) = a 3-dose vaccine
The exception to 3-doses other than J&amp;J are people w/ prior Covid‚Äî1 or 2 shots establishes potent hybrid immunity https://t.co/7WE6YASyq3",2021-12-03 01:37:11,0
"3","Uganda has today received  3,050,400 doses of the J&amp;J  vaccine donated by the govt  of Germany through the COVAX facility. The German ambassador to Uganda, Matthias  Schauer Botschafter indicated that additional 2.4 million doses of the same vaccine will arrive on December 9. https://t.co/SonXsMsQYH",2021-12-04 14:57:05,0
"4","CDC is strengthening its recommendation on #COVID19 vaccine booster doses. Everyone ages 18 and older should get a booster shot either when they are 6 months after their initial Pfizer or Moderna series or 2 months after initial J&amp;J vaccine. Learn more: https://t.co/77CTFuJFcO. https://t.co/jDfkG3lvjQ",2021-12-03 19:00:09,0
"5","CDC is strengthening its recommendation on #COVID19 vaccine booster doses.  Everyone ages 18 and older should get a booster shot either when they are 6 months after their initial Pfizer or Moderna series or 2 months after initial J&amp;J vaccine. Learn more: https://t.co/77CTFuJFcO. https://t.co/oW2hyHRPmr",2021-11-29 22:02:05,0
"6","CDC is strengthening its recommendation on #COVID19 vaccine booster doses. Everyone ages 18 and older should get a booster shot either when they are 6 months after their initial Pfizer or Moderna series or 2 months after initial J&amp;J vaccine. Learn more: https://t.co/77CTFuJFcO. https://t.co/zmQ9vHIsRK",2021-11-30 18:00:26,0
"7","@satekor @mcfunny @sammy44231 @swedishchf @ogilville1 @J_EmpyreanGoals @JimeeLiberty @tenebra99 @Sara4843 @deralteGaukler @janem1276 @doom37455413 @raouldukeerik @AndrewLazarus4 @zeetubes @PaulDesmoParker @handmadekathy @namagoy @Tony__Heller @provaxtexan @Monstercoyliar @SultaneAlexand1 @andylumm @richykirsh @_mamadeb @rpagano697 @kath2cats @Kathmarval @Fannyi5 @sailor_man_dan @TechARP @SkepticalMutant @runhack @CarvilleDean @ConsequentialBr @MichaelBuerger8 @WendyOrent @MsTrixter @DevoDalek @FactPhily @JamesLynchGTC @quintic @SoupTomatoSoup @WorldFullofJunk @andnowsheisnot @TyotoRiffle @pandemichoax21 @sasha13043803 @AriellaBrown quoting - ""While very important in monitoring vaccine safety, VAERS reports alone cannot be used to determine if a vaccine caused or contributed to an adverse event or illness. The reports may contain information that is incomplete, inaccurate, coincidental, or unverifiable.""",2021-11-29 20:00:30,0
"8","@ogilville1 @sammy44231 @paco7320 @mcfunny @satekor @SultaneAlexand1 @swedishchf @J_EmpyreanGoals @JimeeLiberty @tenebra99 @Sara4843 @deralteGaukler @janem1276 @doom37455413 @raouldukeerik @AndrewLazarus4 @zeetubes @PaulDesmoParker @handmadekathy @namagoy @Tony__Heller @provaxtexan @Monstercoyliar @andylumm @richykirsh @_mamadeb @rpagano697 @kath2cats @Kathmarval @Fannyi5 @sailor_man_dan @TechARP @SkepticalMutant @runhack @CarvilleDean @ConsequentialBr @MichaelBuerger8 @WendyOrent @MsTrixter @DevoDalek @FactPhily @JamesLynchGTC @quintic @SoupTomatoSoup @WorldFullofJunk @andnowsheisnot @TyotoRiffle @pandemichoax21 @sasha13043803 @AriellaBrown they have ""come in"" and those reports were discussed at public meeting.   See slides 32 to 54 for the data for 23 + million doses of vaccine. https://t.co/cMOBbn14CX",2021-11-29 21:36:20,0
"9","@AndrewLazarus4 @zeetubes @jeffschlueter1 @ogilville1 @alisonpalk @SultaneAlexand1 @paco7320 @satekor @mcfunny @sammy44231 @swedishchf @J_EmpyreanGoals @JimeeLiberty @tenebra99 @Sara4843 @deralteGaukler @janem1276 @doom37455413 @raouldukeerik @PaulDesmoParker @handmadekathy @namagoy @Tony__Heller @provaxtexan @Monstercoyliar @andylumm @richykirsh @_mamadeb @rpagano697 @kath2cats @Kathmarval @Fannyi5 @sailor_man_dan @TechARP @SkepticalMutant @runhack @CarvilleDean @ConsequentialBr @MichaelBuerger8 @WendyOrent @MsTrixter @DevoDalek @FactPhily @JamesLynchGTC @quintic @SoupTomatoSoup @WorldFullofJunk @andnowsheisnot @TyotoRiffle @pandemichoax21 I think I already put this in the thread, sorry we are going in circles.  From the VAERS website - ""Vaccine providers are encouraged to report any clinically significant health problem following vaccination to VAERS, whether or not they believe the vaccine was the cause.""",2021-12-02 01:24:17,0
"10","@paco7320 @mcfunny @satekor @ogilville1 @SultaneAlexand1 @sammy44231 @swedishchf @J_EmpyreanGoals @JimeeLiberty @tenebra99 @Sara4843 @deralteGaukler @janem1276 @doom37455413 @raouldukeerik @AndrewLazarus4 @zeetubes @PaulDesmoParker @handmadekathy @namagoy @Tony__Heller @provaxtexan @Monstercoyliar @andylumm @richykirsh @_mamadeb @rpagano697 @kath2cats @Kathmarval @Fannyi5 @sailor_man_dan @TechARP @SkepticalMutant @runhack @CarvilleDean @ConsequentialBr @MichaelBuerger8 @WendyOrent @MsTrixter @DevoDalek @FactPhily @JamesLynchGTC @quintic @SoupTomatoSoup @WorldFullofJunk @andnowsheisnot @TyotoRiffle @pandemichoax21 @sasha13043803 @AriellaBrown it isn't matter of dependable or not dependable.  VAERS has its strengths and weaknesses, this is a good review of the interlocking systems monitoring vaccine safety.  Sorry to post twice to the thread but it is good information.  https://t.co/r1WqgWtQm6",2021-11-29 21:20:42,0
"11","@deralteGaukler @J_EmpyreanGoals @richykirsh @satekor @mcfunny @sammy44231 @zeetubes @provaxtexan @ogilville1 @AndrewLazarus4 @VENGYNCE @runhack @immunotoxPhD @Monstercoyliar @swedishchf @alisonpalk @doom37455413 @sailor_man_dan @SkepticalMutant @paco7320 @skepticalprune @andylumm @JimeeLiberty @tenebra99 @Sara4843 @janem1276 @raouldukeerik @PaulDesmoParker @handmadekathy @namagoy @Tony__Heller @_mamadeb @rpagano697 @kath2cats @Kathmarval @Fannyi5 @TechARP @CarvilleDean @ConsequentialBr @MichaelBuerger8 @WendyOrent @MsTrixter @DevoDalek @FactPhily @JamesLynchGTC @quintic @SoupTomatoSoup @WorldFullofJunk @andnowsheisnot and here is what has happened since concerning the HPV vaccine.   https://t.co/WuHnoytz7D",2021-12-05 18:17:50,0
"12","@paco7320 @mcfunny @satekor @ogilville1 @SultaneAlexand1 @sammy44231 @swedishchf @J_EmpyreanGoals @JimeeLiberty @tenebra99 @Sara4843 @deralteGaukler @janem1276 @doom37455413 @raouldukeerik @AndrewLazarus4 @zeetubes @PaulDesmoParker @handmadekathy @namagoy @Tony__Heller @provaxtexan @Monstercoyliar @andylumm @richykirsh @_mamadeb @rpagano697 @kath2cats @Kathmarval @Fannyi5 @sailor_man_dan @TechARP @SkepticalMutant @runhack @CarvilleDean @ConsequentialBr @MichaelBuerger8 @WendyOrent @MsTrixter @DevoDalek @FactPhily @JamesLynchGTC @quintic @SoupTomatoSoup @WorldFullofJunk @andnowsheisnot @TyotoRiffle @pandemichoax21 @sasha13043803 @AriellaBrown The VAERS data end up in the peer reviewed literature, as I said previously -  ""A review of the 48 deaths revealed no patterns suggesting that they were caused by the vaccine""  https://t.co/crAU9YlJmC",2021-11-29 22:15:24,0
"13","@mcfunny @satekor @ogilville1 @paco7320 @SultaneAlexand1 @sammy44231 @swedishchf @J_EmpyreanGoals @JimeeLiberty @tenebra99 @Sara4843 @deralteGaukler @janem1276 @doom37455413 @raouldukeerik @AndrewLazarus4 @zeetubes @PaulDesmoParker @handmadekathy @namagoy @Tony__Heller @provaxtexan @Monstercoyliar @andylumm @richykirsh @_mamadeb @rpagano697 @kath2cats @Kathmarval @Fannyi5 @sailor_man_dan @TechARP @SkepticalMutant @runhack @CarvilleDean @ConsequentialBr @MichaelBuerger8 @WendyOrent @MsTrixter @DevoDalek @FactPhily @JamesLynchGTC @quintic @SoupTomatoSoup @WorldFullofJunk @andnowsheisnot @TyotoRiffle @pandemichoax21 @sasha13043803 worth mentioning @ENirenberg excellent review on the topic, I have posted VSD data elsewhere in the thread.  https://t.co/r1WqgWtQm6",2021-11-29 21:18:10,0
"14","@paco7320 @mcfunny @satekor @ogilville1 @SultaneAlexand1 @sammy44231 @swedishchf @J_EmpyreanGoals @JimeeLiberty @tenebra99 @Sara4843 @deralteGaukler @janem1276 @doom37455413 @raouldukeerik @AndrewLazarus4 @zeetubes @PaulDesmoParker @handmadekathy @namagoy @Tony__Heller @provaxtexan @Monstercoyliar @andylumm @richykirsh @_mamadeb @rpagano697 @kath2cats @Kathmarval @Fannyi5 @sailor_man_dan @TechARP @SkepticalMutant @runhack @CarvilleDean @ConsequentialBr @MichaelBuerger8 @WendyOrent @MsTrixter @DevoDalek @FactPhily @JamesLynchGTC @quintic @SoupTomatoSoup @WorldFullofJunk @andnowsheisnot @TyotoRiffle @pandemichoax21 @sasha13043803 @AriellaBrown which influenza vaccine are you discussing?",2021-11-29 21:44:42,0
"15","J.P.Nadda‚Äã says PM to inaugurate #AIIMS #Bilaspur next yr; congratulates #Himachal Pradesh's CM for 100 per cent #vaccination 

@JPNadda @OfficeofJPNadda @jairamthakurbjp #vaccine #vaccinations @narendramodi 
https://t.co/h9F7OQmiHZ",2021-12-05 11:37:12,0
"16","#COVID19SA #vaccinations as of 5pm 28 November 
Vaccines administered: 25 288 417
People fully vaccinated with J&amp;J jab: 6 037 143
People fully vaccinated with Pfizer: 8 259 228
People who received 1st dose of Pfizer vaccine: 10 992 046
New vaccinations:  13 528 https://t.co/HlB3zKf5zz",2021-11-29 08:20:05,0
"17","#COVID19SA #vaccinations as of 5pm 29 November 
Vaccines administered: 25 448 767
People fully vaccinated with J&amp;J jab: 6 075 044
People fully vaccinated with Pfizer: 8 309 232
People who received 1st dose of Pfizer vaccine: 11 064 491
New vaccinations: 160 350 https://t.co/C4zwj3E2EO",2021-11-30 08:08:52,0
"18","#COVID19SA #vaccinations as of 5pm 3 December. 
Vaccines administered: 26 314 576
People fully vaccinated with J&amp;J jab: 6 227 563
People fully vaccinated with Pfizer: 8 542 291
People who received 1st dose of Pfizer vaccine: 11 293 591
New vaccinations: 147 147 https://t.co/VNBCPUG0Ff",2021-12-04 14:08:58,0
"19","#COVID19SA #vaccinations as of 5pm 1 December. 
Vaccines administered: 25 782 259
People fully vaccinated with J&amp;J jab: 6 156 036
People fully vaccinated with Pfizer: 8 405 359
People who received 1st dose of Pfizer vaccine: 11 220 864
New vaccinations:  162 368 https://t.co/1uZZwSBXOv",2021-12-02 08:52:12,0
"20","#COVID19SA #vaccinations as of 5pm 2 December. 
Vaccines administered: 26 160 122
People fully vaccinated with J&amp;J jab: 6 193  508
People fully vaccinated with Pfizer: 8 499 164
People who received 1st dose of Pfizer vaccine: 11 293 591
New vaccinations: 153 240 https://t.co/1Vtpv8Pr8M",2021-12-03 09:38:01,0
"21","#COVID19SA #vaccinations as of 5pm 4 December. 
Vaccines administered: 26 324 383
People fully vaccinated with J&amp;J jab: 6 227 563
People fully vaccinated with Pfizer: 8 504 300
People who received 1st dose of Pfizer vaccine: 11 389 926
New vaccinations:  57 949 https://t.co/O55CoBzTne",2021-12-05 07:53:09,0
"22","#COVID19SA #vaccinations as of 5pm 27 November:
Vaccines administered: 25 274 889
Fully vaccinated with J&amp;J jab: 6 032 307
Sisonke J&amp;J boosters: 129 608
Fully vaccinated with Pfizer vaccine: 8 256 019
First dose of Pfizer vaccine: 10 986 563
New vaccinations: 36 100 https://t.co/K0DzGY5dnM",2021-11-28 08:18:44,0
"23","#COVID19SA #vaccinations as of 5pm 30 November 
Vaccines administered: 25 619 891
People fully vaccinated with J&amp;J jab: 6 116 065
People fully vaccinated with Pfizer: 8 359 689
People who received 1st dose of Pfizer vaccine: 11 144 137
New vaccinations:  171 124 https://t.co/KnJvNIEL6O",2021-12-01 07:28:13,0
"24","OMICRON: 3,326,400 J&amp;J doses of vaccine arrive¬†Nigeria https://t.co/qMAa9QCWIM",2021-12-05 07:00:12,0
"25","OMICRON: 3,326,400 J&amp;J doses of vaccine arrive Nigeria https://t.co/oi2hXK59rz #vanguardnews https://t.co/Y0ravJDb1e",2021-12-05 07:23:06,0
"26","@PJ_Lowry @sfagen08 @jondoe47673866 @Lel_J_ That appears to be misinformation, I'm afraid: https://t.co/qFQb1cMIO3",2021-12-05 05:36:00,0
"27","@gaelicWizard @NerdPyle It‚Äôs not quite zero.

In the US, There were 15 cases of VITT/TTS associated with the J&amp;J vaccine resulting in 4 deaths. (Out of 7+ million people vaccinated w/ it)

In Israel, there was one death from myocarditis associated with the mRNA vaccine (out of 5m vaccinated)",2021-12-04 23:13:17,0
"28","CPT codes for J&amp;J and other COVID-19 vaccine booster shots support tracking and analysis of booster programs‚Äîincluding mix-and-match strategies.
https://t.co/45n8zPfaNB",2021-11-30 09:01:42,0
"29","New CPT codes have been updated to include #booster doses of the J&amp;J #COVID19 vaccine. Here's what you need to know: https://t.co/CxiPzgbvA8",2021-12-04 23:00:00,0
"30","Same insane paradigm as ‚Äúviruses are the result of vaccine deficiency.‚Äù Miss you J. https://t.co/VSPzQQYfJP",2021-12-04 22:24:06,0
"31","I have consistently opposed federal vaccine mandates and vaccine passports. In fact, I am an original cosponsor of H.J. Res 65, which would overturn OSHA‚Äôs vaccine mandate. (3/8)",2021-12-04 20:47:58,0
"32","All MA residents aged 18 &amp; over are eligible to get a #Covid19MA booster 6 months after receiving the 2nd dose of the Pfizer or Moderna vaccines or 2 months since receiving a J&amp;J single dose vaccine. Find a pharmacy or other location to get your booster: https://t.co/GB2DSU1gP5 https://t.co/60hVHMP9PM",2021-12-02 17:05:08,0
"33","All MA residents aged 18 &amp; over are eligible to get a #Covid19MA booster 6 months after receiving the 2nd dose of the Pfizer or Moderna vaccines or 2 months since receiving a J&amp;J single dose vaccine. Find a pharmacy or other location to get your booster: https://t.co/GB2DSU1gP5 https://t.co/AJrYNQ8tJc",2021-12-03 18:35:03,0
"34","All MA residents aged 18 &amp; over are eligible to get a #Covid19MA booster 6 months after receiving the 2nd dose of the Pfizer or Moderna vaccines or 2 months since receiving a J&amp;J single dose vaccine. Find a pharmacy or other location to get your booster: https://t.co/GB2DSU1gP5 https://t.co/Htp2ltpb4K",2021-12-01 16:05:07,0
"35","All MA residents aged 18 &amp; over are eligible to get a #Covid19MA booster 6 months after receiving the 2nd dose of the Pfizer or Moderna vaccines or 2 months since receiving a J&amp;J single dose vaccine. Find a pharmacy or other location to get your booster: https://t.co/GB2DSU1gP5 https://t.co/eOfjrtIS5z",2021-11-27 14:45:03,0
"36","All MA residents aged 18 &amp; over are eligible to get a #Covid19MA booster 6 months after receiving the 2nd dose of the Pfizer or Moderna vaccines or 2 months since receiving a J&amp;J single dose vaccine. Find a pharmacy or other location to get your booster: https://t.co/GB2DSUiRGD https://t.co/TfWlttc8F4",2021-11-30 15:05:11,0
"37","All MA residents aged 18 &amp; over are eligible to get a #Covid19MA booster 6 months after receiving the 2nd dose of the Pfizer or Moderna vaccines or 2 months since receiving a J&amp;J single dose vaccine. Find a pharmacy or other location to get your booster: https://t.co/GB2DSU1gP5 https://t.co/YnAJKascjx",2021-12-04 19:05:04,0
"38","All MA residents aged 18 &amp; over are eligible to get a #Covid19MA booster 6 months after receiving the 2nd dose of the Pfizer or Moderna vaccines or 2 months since receiving a J&amp;J single dose vaccine. Find a pharmacy or other location to get your booster: https://t.co/GB2DSU1gP5 https://t.co/tZeOhoyvfc",2021-11-28 16:45:04,0
"39","All MA residents aged 18 &amp; over are eligible to get a #Covid19MA booster 6 months after receiving the 2nd dose of the Pfizer or Moderna vaccines or 2 months since receiving a J&amp;J single dose vaccine. Find a pharmacy or other location to get your booster: https://t.co/GB2DSU1gP5 https://t.co/wuahXKfL8y",2021-11-29 16:05:09,0
"40","Don't Delay, Get Vaccinated Today!

The DOH Care-A-Van üöê is in Wenatchee today at CAFE,  766 S. Mission St. Our vaccine clinic runs from 1PM - 6PM. All 3 vaccines (Pfizer - ages 5+, Moderna and J&amp;J) available. No appointment needed. 
#VaccinateWA https://t.co/xpDv4HUxe2",2021-12-04 18:30:01,0
"41","Get your vaccine or booster this weekend! The DOH Care-A-Van üöê will be in Wenatchee on Saturday, Dec. 4 at CAFE, 766 S. Mission St. Our vaccine clinic runs from 1PM - 6PM. All 3 vaccines (Pfizer - ages 5+, Moderna and J&amp;J) available. No appointment needed. #DontHesitateVaccinate https://t.co/tGHlIwxUuY",2021-12-03 20:04:02,0
"42","For protection against COVID-19, the CDC recommends every 18+ year old to receive a booster dose at least 6 months after their Pfizer or Moderna series or at least 2 months after their J&amp;J vaccine.

Learn more at: https://t.co/MD5cKZA0dE

#COVID19 https://t.co/UInhA3c8Yl",2021-12-04 18:00:40,0
"43","Coloradans ages 18+ should get a COVID-19 vaccine booster dose 6 months after receiving either the Pfizer or Moderna vaccine &amp; 2 months after receiving the J&amp;J vaccine. A booster dose can help give you extra protection from COVID-19. For more info, visit: https://t.co/o12NRg2WiI https://t.co/T2pqkiv4He",2021-12-04 18:00:00,0
"44","Free COVID-19 Vaccinations today at McDonald's at 13401 Landstar Blvd. in Orlando from 2-5pm. 
üíâPfizer, Moderna, J&amp;J plus boosters 
üíâChildren's Pfizer available
üíâ Flu Shots available for those under 55-years old
https://t.co/JrMCJaduN6
@DohOrange #vaccine #orangecountyFL https://t.co/OaDTQzR0Sm",2021-12-01 16:00:19,0
"45","Here is the schedule for free COVID-19 vaccinations in Orange County. 
üíâ Pfizer, Moderna, J&amp;J available, plus boosters
üíâ Children's Pfizer vaccine available. Legal guardian must be present.
üíâ Flu Shots available for those under 55-years-old
@DohOrange https://t.co/9LeZzXiptM https://t.co/ZJn5IcdAUJ",2021-12-04 13:00:10,0
"46","Here's the upcoming free COVID-19 vaccine schedule for Orange County thru Saturday. 
üíâPfizer, Moderna, J&amp;J available, plus boosters 
üíâFlu shots available for those under 55-years old
https://t.co/QjCqiOtHJO @DohOrange 
#vaccine #OrangeCountyFL #COVIDVaccine https://t.co/hdJnh0S9DQ",2021-12-02 12:15:03,0
"47","Free COVID-19 vaccinations available at Calvary Towers, Tower C on Clay St. in Winter Park from 9:30am-3:30pm. 
üíâPfizer, Moderna, J&amp;J available, plus boosters 
üíâFlu shots available for those under 55-years old
https://t.co/QjCqiOtHJO @DohOrange 
#vaccine #orangecountyfl https://t.co/OAkQczHanU",2021-12-02 13:30:04,0
"48","Tuesday: #IGotMyShot COVID-19 Vaccine Trailer will be at Dr. James R. Smith Neighborhood Center in Orlando from 3pm-5:30pm. 
üíâ Pfizer, Moderna, J&amp;J available, plus boosters
‚òëÔ∏è Flu Shots available for those under 55-yrs old
@DohOrange #vaccine https://t.co/JrMCJaduN6 https://t.co/YFEQEjOFdb",2021-11-30 13:59:01,0
"49","Tuesday: #IGotMyShot COVID-19 Vaccine Trailer will be at Dr. James R. Smith Neighborhood Center in Orlando from 3pm-5:30pm. 
üíâ Pfizer, Moderna, J&amp;J available, plus boosters
‚òëÔ∏è Flu Shots available for those under 55-yrs old
@DohOrange #vaccine https://t.co/JrMCJaduN6 https://t.co/Ircg473bv3",2021-11-29 23:55:02,0
"50","Here's the #IGotMyShot COVID-19 Vaccine Trailer schedule thru Friday. 
üíâPfizer, Moderna, J&amp;J available, plus boosters 
üíâFlu Shots available for those under 55-years old
Also, Barnett Park on W. Colonial Drive is open 9am-4pm.
https://t.co/JrMCJaduN6 @DohOrange #vaccine #health https://t.co/8kvLwhXgCL",2021-11-30 22:56:02,0
"51","Free COVID-19 Vaccinations today from 9:30-11:30am at Central Behavioral Hospital in Orlando, FL. 
üíâPfizer, Moderna, J&amp;J vaccines, plus boosters 
üíâFlu Shots available for those under 55-years old
@DohOrange #vaccine #health #IGotMyShot #COVIDVaccine
https://t.co/QjCqiOtHJO https://t.co/rBVjlgAoyU",2021-12-01 12:30:04,0
"52","Here's the #IGotMyShot COVID-19 Vaccine Trailer schedule thru Friday. 
üíâPfizer, Moderna, J&amp;J available, plus boosters 
üíâFlu Shots available for those under 55-years old
Also, Barnett Park on W. Colonial Drive is open 9am-4pm.
https://t.co/JrMCJaduN6 @DohOrange #vaccine #health https://t.co/nc4xUY0ACf",2021-12-01 12:44:02,0
"53","FREE COVID-19 Vaccinations today from 9am-12pm at Consulado de Mexico en Orlando on Technology Dr. 
üíâ  Pfizer, Moderna, J&amp;J available, &amp; boosters
üíâ Children's Pfizer available
üíâ Flu Shots available for those under 55-years old
https://t.co/JrMCJaduN6 
@DohOrange #vaccine https://t.co/u4v8YYdNG1",2021-12-01 13:15:02,0
"54","Free COVID-19 vaccinations today at UTI Campus on Taft Vineland Rd. from 9-11am. 
üíâ Pfizer, Moderna, J&amp;J available, plus boosters 
üíâ Flu shots available for those under 55-years old
https://t.co/JrMCJaduN6 @DohOrange #vaccine #orangecountyfl #covidvaccine https://t.co/DY6IJQXcGO",2021-12-02 12:30:02,0
"55","Watch George Khepe (38) from Caltonville encouraging eligiblepersons to come and get their Jab. He just received his J&amp;J vaccine at Carletonville Mall. #iChooseVaccination #VoomaVaccination https://t.co/hTp9cGByWc",2021-12-04 12:32:39,0
"56","Infectious #disease expert Anthony #Fauci told reporters at a White House briefing that the U.S. government is working with Moderna, @Pfizer, and J&amp;J on contingency plans to deal with the #Omicron COVID-19 variant.

https://t.co/EQMR6PYjDq",2021-12-03 22:05:47,0
"57","Infectious disease expert Anthony #Fauci told reporters at a White House briefing that the U.S. government is working with Moderna, Pfizer, and J&amp;J on contingency plans to deal with the #Omicron #COVID19 variant. 

https://t.co/EQMR6PYjDq",2021-12-03 17:56:33,0
"58","Infectious #disease expert Anthony #Fauci told reporters at a White House briefing that the U.S. government is working with Moderna, #Pfizer, and J&amp;J on contingency plans to deal with the #Omicron COVID-19 variant.

https://t.co/EQMR6PYjDq",2021-12-04 04:28:47,0
"59","More than 85 per cent of eligible people age five and older in B.C. have now gotten their first dose of the COVID-19 vaccine. Our @j_mcelroy looks into the latest data around kids getting immunized. https://t.co/SgICeWcpgx",2021-12-04 03:13:00,0
"60","The old vaccine charts aren't particularly helpful at the moment, because the most important question right now isn't getting the total number of ""fully immunized"" people, but how we're doing in getting third shots to the old and first shots to the young https://t.co/lSfjvvYFMX",2021-12-04 02:43:21,0
"61","Credit to the government: on Tuesday they started providing the total number of third vaccine shots that have been given provincewide, as well as the number of first vaccine shots given to 5-11 year olds. 

And more data means more charts!

https://t.co/T4HEYiZQ8G",2021-12-04 02:39:21,0
"62","Here's a breakdown of the total number of vaccine shots given in B.C. on December 1st, and who received them.

It's a different campaign now, with different goals, and we'll see what sort of effect it has in the weeks and months ahead. https://t.co/JL28sDjKBo",2021-12-04 02:44:40,0
"63","@PaulCorreia1974 Hello - Yesterday‚Äôs provincial announcement (https://t.co/TM9GPkKXB1) advises the Janssen vaccine (J&amp;J) is only available in Ontario by contacting your local public health unit.

If you would like further assistance please message us via https://t.co/muVeY74lQ9 -sm",2021-12-04 02:37:00,0
"64","@thehappyprana According to yesterday's provincial announcement (https://t.co/TM9GPkKXB1), the Janssen vaccine (J&amp;J) is only available in Ontario by contacting your local public health unit.

If you would like further assistance please send us a message via https://t.co/muVeY74lQ9 -sm",2021-12-04 02:35:26,0
"65","@SmartAssJen Likewise, myocarditis (a rare event, &amp; less common with #vaccine than #COVID19 infection) has been almost exclusively seen in teenage males. A rare clotting problem (also very rare) that can occur w/ J&amp;J vaccine has been seen almost exclusively in young/middle-aged females.",2021-12-04 02:27:52,0
"66","#GetBoostedNow if your dose 2 of Pfizer or Moderna was 6+ mos ago or if your J&amp;J #COVID19 #vaccine was 2+ mos ago. Do not wait! We are losing an average of 1000-1100 people/day in the üá∫üá∏ RIGHT NOW to #DeltaVariant. That's ~35,000 dead by end of December. #VaccinesWork #Omicron https://t.co/3ts2XWzQvC",2021-11-30 17:14:01,0
"67","@J_kubik They did not disclose the person's vaccine status",2021-12-04 02:01:58,0
"68","The U.S. is working with Moderna, Pfizer, and J&amp;J on multiple contingency plans, Fauci says, adding that 'we should remember that 99.9% of cases in the country right now are from the delta variant'

https://t.co/vOlJJE85P5",2021-12-04 00:45:00,0
"69","COVID-19 VACCINE DOSES IN TEXAS
üîπ105,569 administered doses reported today
üîπN/A first doses
üîπ27,985 J&amp;J or second doses
üîπ151,421 booster doses

@KXAN_News https://t.co/c4ejqIGiLk",2021-12-02 01:13:11,0
"70","COVID-19 VACCINE DOSES IN TEXAS
(NOTE: 5-day totals from Thanksgiving weekend)

üîπ294,078 administered doses reported today
üîπ86,879 first doses
üîπ57,753 J&amp;J or second doses
üîπ149,446 booster doses

@KXAN_News https://t.co/LyLCY7AyYs",2021-11-30 03:05:34,0
"71","COVID-19 VACCINE DOSES IN TEXAS
üîπ73,454 administered doses reported today
üîπ18,413 first doses
üîπ20,022 J&amp;J or second doses
üîπ35,019 booster doses

@KXAN_News https://t.co/HOQ6pt7hUB",2021-12-01 00:03:49,0
"72","COVID-19 VACCINE DOSES IN TEXAS
üîπ163,205 administered doses reported today
üîπ30,121 first doses
üîπ39,752 J&amp;J or second doses
üîπ93,332 booster doses

@KXAN_News https://t.co/FdkKczZs2m",2021-12-03 23:40:14,0
"73","COVID-19 VACCINE DOSES IN TEXAS
üîπ96,219 administered doses reported today
üîπ18,174 first doses
üîπ24,154 J&amp;J or second doses
üîπ53,891 booster doses

@KXAN_News https://t.co/aNvMsVVMP2",2021-12-03 01:38:11,0
"74","Vaccinations are now available for ages 5 and up. Pfizer, Moderna, and Janssen (J&amp;J) boosters for eligible people 18 and up are also now available. Stay safe during the holidays and get vaccinated to protect yourself and your community. Learn more at: https://t.co/qOy4GBq2hp. https://t.co/RChMJRg3UL",2021-12-03 23:11:39,0
"75","Vaccinations are now available for ages 5 and up. Pfizer, Moderna, and Janssen (J&amp;J) boosters for eligible people 18 and up are also now available. Stay safe during the holidays and get vaccinated to protect yourself and your community. Learn more at: https://t.co/qOy4GBq2hp. https://t.co/h4eUeD1EX8",2021-11-30 00:19:36,0
"76","Vaccinations are now available for ages 5 and up. Pfizer, Moderna, and Janssen (J&amp;J) boosters for eligible people 18 and up. Stay safe during the holidays and get vaccinated to protect yourself and your community. Learn more at https://t.co/qOy4GB8rpR. https://t.co/pyu5YGLssi",2021-12-01 16:40:02,0
"77","After Republicans defy N.J. Statehouse vaccine policy, angry Democrats say voting will be remote next week https://t.co/2Gaky5csSm",2021-12-03 23:10:17,0
"78","Republican Iowa Gov. Kim Reynolds and her husband got a Johnson &amp; Johnson COVID-19 booster shot this morning. She released the news in a video message this afternoon. Reynolds originally received the J&amp;J vaccine in March. https://t.co/1mXud8HYA8",2021-12-03 22:42:29,0
"79","Get boosted for a safer holiday season! Everyone 18+ can get a booster 6 months after your 2nd dose of the Pfizer or Moderna #COVID19 vaccine or 2 months after your single dose of J&amp;J‚Äôs Janssen vaccine.

Find free vaccines near you at https://t.co/mAaMncZqFV.
#WeCanDoThis https://t.co/RYZnzbNzMa",2021-12-03 22:27:13,0
"80","Anyone 18+ who is fully vaccinated against COVID-19 is eligible for a booster. If you received Pfizer or Moderna, you are eligible to receive a booster at least six months after your second dose. For J&amp;J, you are eligible at least two months after your initial vaccine dose. https://t.co/vCTpz93hgB",2021-12-03 22:00:56,0
"81","What J&amp;J Can Still Teach Us https://t.co/aKoFROud6k",2021-12-03 21:35:05,0
"82","A cadre of conservatives threatened to scuttle a continuing resolution over Biden‚Äôs vaccine mandate for private businesses. But too many of their colleagues saw the move as a political loser and a crisis was averted.
By @zachary_cohen and @casey_j_wooten
https://t.co/76AHlgwz0Q https://t.co/RjzAjlsIJz",2021-12-03 02:47:17,0
"83","A cadre of conservatives threatened to scuttle a continuing resolution over Biden‚Äôs vaccine mandate for private businesses. But too many of their colleagues saw the move as a political loser and a crisis was averted.
By @zachary_cohen and @casey_j_wooten
https://t.co/76AHlgwz0Q https://t.co/9gUzbkFdhc",2021-12-03 20:15:04,0
"84","The @CDC recommends COVID boosters for all adults who:
‚Ä¢ Received the J&amp;J vaccine 2+ months ago
‚Ä¢ Received the second Moderna or Pfizer dose 6+ months ago

Get your booster through Hennepin County and receive a $50 Visa gift card as supplies last. https://t.co/Y6OPC9YGwI https://t.co/MCoOn5TqV7",2021-12-03 19:52:12,0
"85","When considering vaccine effectiveness against new variants, there are at least three elements to consider: https://t.co/qn59CRXylz  (13/n) https://t.co/2YGHAmRgVo",2021-12-03 19:03:28,0
"86","N.J. Republicans go to court to block new COVID vaccine rules at Statehouse https://t.co/QlFrKCwNJv https://t.co/sJf8Z20cT7",2021-12-02 00:00:51,0
"87","Republicans defy COVID vaccine policy at the N.J. Statehouse, ignoring troopers who tried to stop them https://t.co/WV2vai2DCh https://t.co/Y2BiFqPuwo",2021-12-02 19:31:08,0
"88","After Republicans defy N.J. Statehouse vaccine policy, angry Democrats say voting will be remote next week https://t.co/NLBTfgaEoD https://t.co/ABiD2I6NjZ",2021-12-03 18:43:05,0
"89","Get boosted for a safer holiday season! Everyone 18+ should get a #COVID19 booster 6 months after your 2nd dose of the Pfizer or Moderna vaccine or 2 months after your single dose of the J&amp;J vaccine. Contact your local IHS, tribal or urban facility today: https://t.co/5n4ojxuI9Z https://t.co/kuAKffAesM",2021-12-03 17:10:17,0
"90","Proud that üá©üá∞ has announced to donate additional 3.7 million vaccine doses to #COVAX from Moderna and J&amp;J! Our donation pledge now reaches 10 million in total - 7.7 million will be donated via COVAXüíâüíâ. üá©üá∞ reaffirms our commitment to vaccine solidarity  #dkaid #dkpol",2021-12-03 16:19:43,0
"91","Per the CDC's recommendations, people 18 years and older are encouraged to receive the booster. You are eligible to receive a booster dose of the vaccine 6 months after Dose 2 of the Pfizer and Moderna vaccines or 2 months after Dose 1 of the J&amp;J vaccine. (2/3)",2021-12-03 15:35:09,0
"92","Seeing family &amp; friends for the Holidays? Protect yourself &amp; them! Boosters can be given for those 18+ 6 months after a 2nd dose of Pfizer or Moderna #COVID19 vaccines &amp; 2 months after a single dose of the J&amp;J vaccine. Find yours here: https://t.co/37oJKtSYfR  #WeCanDoThis #HUDR3",2021-12-03 11:54:53,0
"93","@rachgutman  writes in @TheAtlantic  about how this could be possible. The effect of Omicron would be dictated by three factors: how transmissible it is, how severe is the disease it causes, and how it does or does not evade #vaccine  protection",2021-12-03 10:13:07,0
"94","But why is it good news? Remember, the #virus  and the #vaccine  are in an arms race. The virus is #mutating furiously to evade the vaccine. Mutations which evade the vaccines win this Darwinian battle.",2021-12-03 10:13:10,0
"95","The programme aims to administer J&amp;J vaccine to over 40,500 individuals involved in the logistics and cross-border trade sectors along the border regions. It also seeks to encourage positive behaviour change for the adoption of preventative health measures to mitigate the spread",2021-12-03 07:06:23,0
"96","Scientists must just come out and say that J&amp;J is a two jab vaccine. When the CDC recommended a J&amp;J booster shot after 2 months, they were being nice. https://t.co/HqG8OvmmAC",2021-12-03 05:46:52,0
"97","Republicans defy COVID vaccine policy at the N.J. Statehouse, walk past troopers who tried to stop them https://t.co/sqKm080AbB",2021-12-03 05:24:57,0
"98","https://t.co/GIiIUwW4JP 
according to Dr. @EricTopol, Fully vaccinated = 3 shot(s) all adults should get a booster, as CDC finally did, that means mRNA vaccines (and all others except J&amp;J) = a 3-dose vaccine
The exception to 3-doses other than J&amp;J are people w/ prior Covid-1 or 2 https://t.co/LA2uEz9Jzr",2021-12-03 04:25:40,0
"99","""We can be our own worst enemy"": Congress just averted a government shutdown this week after hours of internal debate among Republicans over how far to take their effort to block the Biden administration's vaccine mandate. w/ @Casey_J_Wootenüîíhttps://t.co/xaCCw986lR",2021-12-03 02:39:06,0
"100","Republicans defy COVID vaccine policy at the N.J. Statehouse, walk past troopers who tried to stop them https://t.co/KhMtRRisSO",2021-12-03 01:54:57,0
"101","Republicans defy COVID vaccine policy at the N.J. Statehouse, walk past troopers who tried to stop them https://t.co/qil69rPPnY",2021-12-03 01:43:20,0
"102","@JamesSurowiecki @WearyVet Fair enough. I see what @WearyVet was referencing now with the J&amp;J vaccine.",2021-12-03 01:14:22,0
"103","@WearyVet @JamesSurowiecki Sounds like we know about the extremely rare J&amp;J-related deaths specifically because of autopsies and the rollout of that vaccine was paused back in April specifically because of concern over these kinds of adverse reactions. https://t.co/WQ50eqiSLg",2021-12-03 01:16:47,0
"104","@StephenGutowski @WearyVet There have been 5 deaths in the US that have been plausibly attributed to clotting disorders caused by the J&amp;J vaccine.",2021-12-03 01:08:13,0
"105","N.J. reports 2,352 COVID cases, 42 deaths, Hospitalizations 1,000+ patients https://t.co/vCmIxCj8NN 42 died unnecessarily, #COVID cases spiking in #NJ; @govmurphy refuses #maskmandates, #quarantines. No temp checks at airports or vaccine mandates. #N95sforall #RemoteOption NOW",2021-12-01 00:36:51,0
"106","Republicans defy COVID vaccine policy at the N.J. Statehouse, ignoring troopers who tried to stop them https://t.co/aYOywPIVFg So much for law and order @GOP! #AbolishPolice #AbolishGOP #AbolishDNC",2021-12-02 23:39:05,0
"107","Medical treatments of any kind, whether it is a surgery, treatment, or vaccine should be decided between you and your doctor. #ICYMI: I signed on to H.J. Res. 65 to repeal President Biden‚Äôs vaccine mandate on private employers, stopping this federal overreach of power.",2021-12-02 22:32:05,0
"108","Onto booster shots:

DC Health says people over the age of 18 should get a booster shot in these cases:

-received J&amp;J vaccine before October 1
-received Pfizer or Moderna before June 1",2021-12-02 21:20:59,0
"109","Two problems with this statement:   1. The vaccine hasn‚Äôt been stopping the spread or mutation of the virus; 2. A Government official saying that people need to suspend all skepticism and just do what said Government is telling you. https://t.co/92ZSneshm0",2021-12-02 21:16:02,0
"110","Assembly Speaker Craig Coughlin opened the session saying he was outraged by his GOP colleagues' refusal to follow the new vaccine rules and lamented a ""colossal failure in security here at the Statehouse."" https://t.co/PMNwbJl951",2021-12-02 20:54:02,0
"111","Just 20 of the 115 eligible local health departments have opted into the state's vaccine incentive program, an investigation by The Missouri Independent and the Documenting COVID-19 project has found. #moleg via @betsyladyzhets &amp; @Tessa_Weinberg (2/6)

https://t.co/Kw11CgjA3N",2021-12-02 20:53:23,0
"112","Incentive programs' net impact on vaccination rates have been low, experts say, and initiatives have been met with distrust from some communities who view them as a form of government-sponsored bribery or worse. #moleg via @betsyladyzhets &amp; @Tessa_Weinberg
https://t.co/Kw11CgjA3N",2021-12-02 15:05:02,0
"113","""That‚Äôs why I believe in the vaccine now more than ever. It didn‚Äôt fail me. It saved my friends from getting sick and it saved me from severe symptoms or ending up in the hospital.""

Column this morning from @MichiganAdvance's @donahual.  https://t.co/RI14FnI2fD",2021-12-01 13:22:56,0
"114","Bowman signed a resolution to stop selling US bombs to Israel when it was bombing Gaza (H.J.Res.49), wrote a letter condemning Israel‚Äôs vaccine apartheid, talked about the importance of recognizing the Nakba, &amp; continues to speak bluntly about Israel‚Äôs crimes against Palestinians",2021-12-02 20:40:18,0
"115","Booster doses are recommended for those 18+ who have been fully vaccinated with Pfizer or Moderna for 6 month or J&amp;J for 2 months/ Get your booster dose today ‚û°Ô∏è https://t.co/d7YaHyKKr5",2021-11-29 16:15:08,0
"116","Thanks to the COVID-19 vaccines and masks, we‚Äôre able to safely celebrate the holidays with our vaccinated loved ones. Still need to get vaccinated? Get your J&amp;J vaccine by December 10! ‚û°Ô∏è https://t.co/DRVh9gobxa #VaxUpPhilly",2021-11-30 20:30:18,0
"117","Did you receive the J&amp;J vaccine at least 2 months ago? Get a booster dose today! ‚û°Ô∏è  https://t.co/d7YaHyKKr5 #VaxUpPhilly https://t.co/ozVfPmTXGX",2021-12-01 22:15:04,0
"118","Are you 18+? Did you receive the Moderna or Pfizer vaccine 6+ months ago or J&amp;J vaccine 2+ months ago? 

It‚Äôs recommended that you get your booster dose today! ‚û°Ô∏è https://t.co/d7YaHyKKr5 #VaxUpPhilly",2021-12-01 18:15:08,0
"119","Getting ready for Christmas? Do you have your:
‚úÖChristmas tree?
‚úÖWreath?
‚úÖCOVID-19 vaccine?

Get the J&amp;J vaccine by December 10 so you‚Äôre fully vaccinated by Christmas! Learn more ‚û°Ô∏è https://t.co/DRVh9gobxa #VaxUpPhilly https://t.co/uj1jVXSBtN",2021-11-29 21:01:06,0
"120","üé∂What a bright time, it‚Äôs the right time
To get your COVID-19 vaccine! üé∂

Get vaccinated with the J&amp;J vaccine by December 10 so you‚Äôll be fully vaccinated by Christmas! Get vaccinated today ‚û°Ô∏è https://t.co/DRVh9gobxa #VaxUpPhilly",2021-12-02 20:01:25,0
"121","Booster doses are available to all Philadelphians 18+ who have been fully vaccinated with Pfizer or Moderna for 6 months or J&amp;J for 2 months. Get your booster dose today ‚û°Ô∏è https://t.co/d7YaHyKKr5 https://t.co/glcK1nucyJ",2021-11-30 16:30:27,0
"122","The health department is administering booster doses to those who are 18+ and received the Pfizer or Moderna vaccine 6 months ago and those who received the J&amp;J vaccine 2 months ago. Protect yourself and #VaxUpPhilly! ‚û°Ô∏è https://t.co/d7YaHyKKr5",2021-12-02 17:02:03,0
"123","Republicans defy COVID vaccine policy at the N.J. Statehouse, ignoring troopers who tried to stop them https://t.co/m3S6uIrEB5 @johnsb01 with all the dramatic details about the lawmakers challenging the vaccination or get tested requirement to vote today",2021-12-02 19:52:00,0
"124","N.J. Republicans go to court to block new COVID vaccine rules at Statehouse https://t.co/gg20GGMvCp Should make for an interesting voting session tomorrow. By @johnsb01",2021-12-02 00:11:06,0
"125","People over 18 who received the J&amp;J vaccine over 2 months ago are eligible for a #COVID19 booster! 

#Army #Vaccine #Booster #JNJ #COVID https://t.co/j9xEYzLM6r",2021-12-02 19:00:01,0
"126","Very dismayed to hear @J_Donaldson_MP's comments regarding @eastantrimmp this evening. Mr Wilson's opposition to draconian and discriminatory vaccine passports has been so valuable. Sir Jeffrey needs to support his fellow MP. @Togetherdec",2021-12-02 18:48:41,0
"127","The @Raiders will offer alternative covid vaccine screenings at @AllegiantStadm in Lot B on the north side and Lot J on the south side from 9 a.m. - 3 p.m. Sunday, for their game against @WashingtonNFL. On-site vaccinations also available. #vegas #raiders #RaiderNation https://t.co/Lw7uNEjSgH",2021-12-02 18:10:00,0
"128","Who needs a #flushot? You! #Fluseason starts to ramp up at the #holidays. It takes about two weeks to be protected. Vaccination before Vacation is your best defense. #Flushots are available at our #immunization clinics: https://t.co/XqnqPR9t3j #FightFlu https://t.co/gnDPTqEaDW",2021-11-30 18:00:22,0
"129","Who needs a #flushot? You! #Flu shots keep you from getting sick, reduce severe illness in people who get sick, reduce the risk of hospitalization, are a preventive tool for people with chronic illnesses, and protect pregnant people before/after pregnancy. https://t.co/1SAqV6ClbT https://t.co/OLqz2wMAgQ",2021-12-02 18:00:42,0
"130","There are #COVID19 vaccine clinics throughout the Las Vegas Valley. Find one that‚Äôs convenient for you: https://t.co/T5xC7FlkwQ https://t.co/DgYhsfNfER",2021-11-30 16:00:57,0
"131","Some Montreal Canadiens with J&amp;J vaccine recently got booster shots. Believe some others already have or do intend to get a third dose",2021-12-02 17:34:37,0
"132","Booster doses are available for EVERY New Yorker 18+ who received their Pfizer-BioNTech or Moderna initial vaccine series at least 6 months ago, or the J&amp;J vaccine at least 2 months ago. Learn more and get your boost today: https://t.co/rbx1UiKne1 https://t.co/cMuJ4NBUGk",2021-12-02 16:10:00,0
"133","A booster dose is now recommended for everyone age 18 &amp; older who received the Pfizer, Moderna, or J&amp;J vaccine. 
If you are eligible (see below), get your booster shot to help keep yourself &amp; others healthy for the holidays &amp; winter months! https://t.co/5qh5KVJJTJ",2021-12-02 16:05:25,0
"134","Today‚Äôs #COVID19 dashboard update adds 4,012 cases and 33 deaths. Booster doses of COVID-19 vaccine are recommended for fully vaccinated adults at least six months after the Moderna and Pfizer vaccines and at least two months after J&amp;J. Find a provider at https://t.co/q2kfD0sU6i. https://t.co/iAaRpGaUdU",2021-12-02 15:13:02,0
"135","Today's #COVID19 dashboard update adds 2,971 cases and 77 deaths. @CDCgov has strengthened its recommendation for COVID-19 vaccine booster doses. Adults should get a booster dose at least 6 months past Pfizer or Moderna and 2 months past J&amp;J. More: https://t.co/nIaCON5wEV https://t.co/C5874TU9N3",2021-11-30 15:13:03,0
"136","It‚Äôs a big ‚Äî and dramatic ‚Äî voting day at the N.J. Statehouse, largely because of the new vaccine policy to enter the building. Republicans have sued.

https://t.co/eFqhNbTZk5 https://t.co/4OjwO90t6v",2021-12-02 15:11:02,0
"137","I've been wondering if J&amp;J is going to end up being the winner after all https://t.co/1mlpvhKL8j",2021-12-02 15:00:28,0
"138",".@HealthyFla in @MiamiDadeCounty is offering appointments for the Pfizer, Moderna and J&amp;J COVID-19 vaccine &amp; boosters (see flyer).

Pfizer is available to individuals 5+ yrs old‚ÄîModerna and J&amp;J vax is available to individuals 18+ yrs old

Schedule an appt: https://t.co/FYluvmJvTU https://t.co/7RXMYbyzLE",2021-12-02 14:59:44,0
"139","CDC recommends those 18 &amp; older get a #COVID19 booster shot to help maintain the highest protection against the virus.  Get your booster 2 months after a single J&amp;J dose or 6 months after 2nd Pfizer/Moderna dose. Find a clinic at https://t.co/UVFQHp4A9N &amp; bring your vaccine card! https://t.co/hTWg7lshf3",2021-12-02 14:32:11,0
"140","‚ÄúThe chances of defeating the mandate are between slim and none ‚Äî and slim is out of town,‚Äù said Manhattan-based lawyer Jerold Levine, who focuses on civil service and gun rights cases. ‚Äî ‚Å¶@THECITYNY‚Å©  https://t.co/XYytlMVo7Z",2021-12-02 11:59:45,0
"141","An internal Facebook memo, written in March, revealed the company‚Äôs ability to detect anti-vaccine rhetoric and misinformation was ‚Äúbasically non-existent‚Äù in non-English comments.

https://t.co/3xAHXICl0A",2021-11-29 18:21:45,0
"142","The unnamed staffer is ‚Äúfulfilling her obligation to religious obligation to morality,‚Äù the letter contends. https://t.co/XYytlMVo7Z",2021-12-02 11:59:11,0
"143","Researchers at #Arizona and #Cardiff University in the #UK worked with AstraZeneca to analyse whether the ultra-rare side effect could be linked to the viral vector which is used in many #vaccines
https://t.co/uggmbwy52F",2021-12-02 11:26:46,0
"144","Existing COVID vaccines will struggle against the ‚Äúhighly transmissible‚Äù Omicron variant, Stephane Bancel, head of US vaccine manufacturer @moderna_tx  told the Financial Times  https://t.co/MoZZtxUUM6

peak Vaccine Euphoria
https://t.co/PYfoSkJQS8 https://t.co/TjBGOLtZNK",2021-12-01 06:19:47,0
"145","other question that we want to answer is: How effective is the vaccine against the variant? We can answer that in two ways. 

first one, as I just highlighted, is following people who are vaccinated and infected to see if they develop disease. 

@tuliodna 
https://t.co/CK4eMUg3dW",2021-12-02 10:10:00,0
"146","All adults fully vaccinated at least six months ago will be able to get a booster shot as soon as December 3, 2021. Those who received the J&amp;J vaccine can get boosted at least 3 months after they were vaccinated. https://t.co/iQSZDeXks2",2021-12-02 09:15:42,0
"147","""We have begun work to design and develop a new vaccine against Omicron and will rapidly progress it into clinical studies if needed,"" says the global head of research for J&amp;J's pharmaceuticals unit. https://t.co/uwZW14ocAf",2021-11-30 08:46:32,0
"148","'We have begun work to design and develop a new vaccine against Omicron and will rapidly progress it into clinical studies if needed,' says the global head of research for J&amp;J's pharmaceuticals unit. https://t.co/xklyj0Umbq",2021-11-29 23:13:56,0
"149","People have been dissing the J&amp;J vaccine. But ... actually ... look again. It may turn out to be the most durable. Once you get the shot, the effects last and last and last. https://t.co/QWJrAtg4af",2021-12-02 06:12:01,0
"150","Vaccine passports-state calls them digital vaccine records-will Oregon approve the idea? https://t.co/NDdsbrjaBI        #koin6news #oregon #VaccinePassports",2021-12-02 04:34:34,0
"151","@knarfiejr @jimcramer Good luck finding the J&amp;J vaccine. Everyone at my local Walgreens who has signed up for the J&amp;J have been offered the Moderna instead.",2021-11-30 22:51:25,0
"152","@JordanSchachtel Also at our local Walgreens, if you schedule a J&amp;J vaccine appointment, they‚Äôll substitute it for the Moderna version. Happened multiple times with locals who commented on Nextdoor.",2021-12-02 03:08:20,0
"153","Vaccination for a person of any age is the best and primary defense against COVID. Get your booster if it‚Äôs been 6 months since your second dose of an MRNA vaccine (Pfizer or Moderna) or 2 months since a J&amp;J vaccine.",2021-12-02 00:32:25,0
"154","Q: Does 3rd doses change how we define fully immunized? Copping says for the restrictions exemption program, nothing changes. 2 doses is sufficient or 1 dose of J&amp;J vaccine.",2021-12-01 23:00:49,0
"155","Our mobile vaccine clinic will be at Westlake Community Garden Sat, 12/4 from 9am-2pm. All COVID-19 vaccines are available, including Pfizer for children 5+ &amp; boosters for 18+. Call ahead to register for Pfizer (5+), Moderna or J&amp;J. Walk-Up only, no health insurance is required. https://t.co/QQ6qKB9Xvp",2021-12-01 22:14:33,0
"156","Boost your protection against COVID-19. All Oklahomans ages 18+ are encouraged to get a booster shot if it‚Äôs been 6 months since their initial Pfizer or Moderna series or 2 months since their initial J&amp;J vaccine. Visit https://t.co/MSzUyo1afa to find a booster dose near you. https://t.co/CLHlxcRFTE",2021-12-01 21:42:53,0
"157","@j_lamb So sorry to hear about your father.

Vaccine and health misinformation has costs. You and your mother have a chance to help save others who were also misled.",2021-12-01 21:41:42,0
"158","ICYMI: The CDC now recommends anyone over the age of 18 get boosted ‚Äì 6 months after the Pfizer or Moderna vaccine or 2 months after the J&amp;J vaccine. It‚Äôs the best way to protect yourself. 
https://t.co/LGBKnSQyrE",2021-12-01 21:40:00,0
"159","Get boosted for a safer holiday season. Everyone 18+ can get a booster 6 months after your 2nd dose of the Pfizer or Moderna #COVID19 vaccine or 2 months after your single dose of J&amp;J‚Äôs Janssen vaccine.

Find free vaccines near you at https://t.co/ZW44VHkqWQ.

#WeCanDoThis #HUDR3",2021-12-01 21:34:00,0
"160","Vaccines are one of the best tools we have to combat COVID-19. Earlier this week, @CDCgov recommended that everyone ages 18+ get a booster shot either when they are 6 months after their initial Pfizer or Moderna series or 2 months after their initial J&amp;J vaccine. https://t.co/MJ2FCw4J7L",2021-12-01 20:53:47,0
"161","Interesting article! J&amp;J here. :)

If we can figure out a clever way to give out shots now, we may never have to administer them again, writes @KatherineJWu. https://t.co/PXVc3xwAEb",2021-12-01 20:44:31,0
"162","Anyone aged 18+ should get a booster dose six months after receiving either Pfizer or Moderna and two months after receiving the J&amp;J vaccine. A booster dose can help protect you and your loved ones. 

Learn more: https://t.co/AgPodMVFXJ https://t.co/1wU1ms2Jx0",2021-12-01 20:16:10,0
"163","Are you eligible for a COVID-19 booster? 

‚úÖ AGE: 18 or older
‚úÖ STATUS: fully vaccinated
‚úÖ TIME: 6 months from your last COVID-19 vaccine OR 2 months from J&amp;J

‚û°Ô∏è Let's get boosted! Visit https://t.co/cbx8MspDAn to find a vaccination clinic in your neighborhood. https://t.co/MVzGgZEqUm",2021-11-28 17:00:40,0
"164","Are you eligible for a COVID-19 booster? 

‚úÖ AGE: 18 or older
‚úÖ STATUS: fully vaccinated
‚úÖ TIME: 6 months from your last COVID-19 vaccine OR 2 months from J&amp;J

‚û°Ô∏è Let's get boosted! Visit https://t.co/cbx8MspDAn to find a vaccination clinic in your neighborhood. https://t.co/f405eqjJLL",2021-12-01 20:00:49,0
"165","The @CDCgov recommend a ü¶†#COVID19 booster for everyone ages 18 and older who received the üíâJ&amp;J vaccine at least 2 months ago or both shots of the üíâModerna or Pfizer vaccines at least 6 months ago.
 
Learn more + sign up to get yours üëâ https://t.co/KVPZJ4fUsV https://t.co/8v7PH5Til9",2021-12-01 18:58:27,0
"166","Did you know that anyone in NYC is allowed to schedule an in-home vaccination regardless of their borough?

‚ö°Ô∏èYou can register and choose the vaccine of your choice (Pfizer, Moderna, or J&amp;J). 

üîóRegister here: https://t.co/sRMes7j81Y https://t.co/hiXfIj9LYn",2021-12-01 18:33:41,0
"167","Odds of Testing Positive for SARS-CoV-2 Following Receipt of 3 vs 2 Doses of the BNT162b2 Vaccine https://t.co/K8Ca0QI8X7 via @JAMAInternalMed Bottom line: boosters work. If you're &gt;18 and 6 months out from your 2nd mRNA vaccine dose (or 2 months for J&amp;J), get boosted!",2021-11-30 21:09:10,0
"168","What J&amp;J Can Still Teach Us: a vaccine‚Äôs value isn‚Äôt just in its peak performance, writes @KatherineJWu. https://t.co/YezIE5CJMN via @TheAtlantic",2021-12-01 18:28:25,0
"169","ü§õüèΩü§õüèΩü§õüèΩ

‚ÄúThe shot‚Äôs initial magnitude of protection against sickness might not match Moderna‚Äôs or Pfizer‚Äôs. But J&amp;J‚Äôs defenses seem to stick around in a way that their mRNA-driven counterparts might not, like a low-wattage bulb that keeps burning‚Ä¶‚Äù https://t.co/JqESr3nacg",2021-12-01 16:42:47,0
"170","What We're Reading: #FDA Panel in Favor of Merck #COVID19 Pill; Aspen Pharmacare, J&amp;J Vaccine Agreement; Newest Strategies to Cure #HIV. #WorldAidsDay
https://t.co/6new8p3xDo https://t.co/snZm8J8y0o",2021-12-01 16:27:27,0
"171","You CAN get your #COVID19 booster and flu shot at the same time! 

‚ñ™Ô∏èEveryone six months and older should get a #FluShot every year. 

‚ñ™Ô∏èAll adults 18+ are recommended to get #BoosterShots six months post-mRNA COVID-19 vaccine and two months post-J&amp;J vaccine. https://t.co/iQF6jcfd2W",2021-12-01 16:23:17,0
"172","#UWM is offering a COVID-19 #vaccination clinic today from 10 am to 2 pm in the @UWMUnion. Pfizer, Moderna and J&amp;J vaccines are available, including boosters and separate Pfizer pediatric doses for children 5 to 11 years old. Walk-ins welcome. https://t.co/0ZwhYzjAUr",2021-12-01 16:10:01,0
"173","#UWM will hold a COVID-19 #vaccination clinic on Dec. 1 from 10 am to 2 pm in the @UWMUnion. Pfizer, Moderna and J&amp;J vaccines will be available, including boosters and separate Pfizer pediatric doses for children 5 to 11 years old. Walk-ins welcome. https://t.co/0ZwhYzjAUr",2021-11-30 17:22:00,0
"174","""The COVID-19 vaccine is life-saving and available to all West Virginians ages five and older,"" said Bill J. Crouch, DHHR Cabinet Secretary. ""Please make the decision to be vaccinated.""",2021-11-29 15:04:35,0
"175","""Protect your loved ones by scheduling a COVID vaccine or booster,"" said DHHR Cabinet Secretary Bill J. Crouch. ""Both are available at clinics, pharmacies, local health departments and pop-up events statewide.""",2021-11-30 15:03:42,0
"176","""It is with sadness that we report another day of significant loss in our state,"" said Bill J. Crouch, DHHR Cabinet Secretary. ""Please help stop by the spread of COVID-19 by receiving your vaccine or booster shot.""",2021-12-01 15:03:44,0
"177","@paimadhu Pfizer, Moderna, and J&amp;J have made more than 50B in profits from  covid vaccine sales just this year!
Profits made primarily from selling vaccines to very wealthy countries while starving off poor countries.
It feels intentional.",2021-12-01 13:54:50,0
"178","@J_bagpuss @pkonline84 @DrPeterWeeks1 @parthaskar @NHSEngland I don't doubt it. But I've also heard people say, ""we pay them very well"" and when I hear how much it is, I'm like... üòí on the backdrop of what people *read* about what the practice/service is 'making' per vaccine.",2021-12-01 11:30:52,0
"179","SA‚Äôs Aspen signs deal paving way for J&amp;J Covid vaccine licence| https://t.co/NKu50C99dw https://t.co/e40P2kHr4T",2021-12-01 08:49:43,0
"180","@jj999999jjjjj Hi J,  if you have received an appointment for a booster vaccine in a vaccination centre but you have already received your booster dose or have recently had an additional dose you can cancel your appointment through this online form: https://t.co/pLqgiOVSem",2021-12-01 07:34:54,0
"181","Aspenovax is Africa's own Covid-19 vaccine brand after landmark partnership between Aspen SA and J&amp;J https://t.co/40L6APb5Uw",2021-12-01 07:01:53,0
"182","if one got a Pfizer or Moderna 2-dose vaccine earlier, does it matter that much if you get a J&amp;J booster? J&amp;J, I can get anytime tomorrow; the others, the most recent I‚Äôve seen is mid-December",2021-12-01 06:34:55,0
"183","VACCINE INEQUITY
The Omicron variant, knee-jerk reactions and travel bans https://t.co/Yz2nV8l2ID By J BROOKS SPECTOR @parkhurst1 https://t.co/KQlGgGPQHC",2021-12-01 05:50:27,0
"184","'Africa breakthrough': Aspen SA to produce own branded vaccine in deal with J&amp;J https://t.co/xhuPxew3Po via @Radio702",2021-12-01 05:38:14,0
"185","@iAmElFoe Good day Mangaliso. If you took the AstraZeneca or Pfizer vaccines, you should take your booster at least six months after completing your primary vaccination series. Meanwhile, if you took the J&amp;J vaccine, you should take the booster at least two months after the primary shot.",2021-12-01 05:26:56,0
"186","[ON AIR] Aspen Pharmacare has signed a deal with the innovators of the J &amp; J covid-19 vaccine to manufacture and sell the vaccine here and to sell it across Africa. Stavros Nicolaou - Aspen Pharmacare Group's Senior Executive for Strategic Trade Development #SAfmSunrise #sabcnews https://t.co/e1N51JHPpa",2021-12-01 05:19:40,0
"187","The deal would allow Aspen to manufacture the J &amp; J vaccine under its own label, for sale on the African continent.

""We'll be manufacturing at Gqeberha... hoping to start as soon as we can in 2022..""
Stephen Saad, CEO - #Aspen Pharmacare #Aspenovax

https://t.co/Lt7o1uPQHY",2021-12-01 04:45:01,0
"188","The deal would allow Aspen to manufacture the J &amp; J vaccine at its Gqeberha plant under its own label, for sale on the African continent.

""This gives you 100% certainty that what we make stays in Africa.""
Stephen Saad, #Aspen Pharmacare CEO #Aspenovax
https://t.co/Lt7o1uPQHY",2021-11-30 20:55:01,0
"189","The deal would allow Aspen to manufacture the J &amp; J vaccine under its own label, for sale on the African continent.

""We'll be manufacturing at Gqeberha... hoping to start as soon as we can in 2022..""
Stephen Saad, CEO - #Aspen Pharmacare #Aspenovax
https://t.co/22Xt6LLvyn",2021-11-30 19:48:47,0
"190","GOP candidate J.D. Vance sets sights on debt limit: ‚ÄòShut down the government until vaccine mandate ends‚Äô https://t.co/UiqCSxNBbs https://t.co/ROlcnVEzDd",2021-12-01 02:31:05,0
"191","J.D. Vance has proposed that Republicans should shut down the government until President Biden's vaccine mandate ends. https://t.co/74ZsDcHWDj",2021-12-01 02:16:58,0
"192","And of course, if you‚Äôre one of the 15 million people who received J&amp;J vaccine, your eligible for your booster 2 months after your shot. https://t.co/tczMOmpv1o",2021-12-01 02:07:12,0
"193","OUSD Vaccine Policy Info Night 
Tomorrow, 12/1 from 5-6pm
https://t.co/BTVGqP7L8d

The Board recently adopted BP 5141.29 which requires that all students 12+ be fully vaccinated against COVID-19 as of 1/1/22 unless exempted. Join us to learn more &amp; get your questions answered. https://t.co/siOXX7NvIF",2021-12-01 01:43:40,0
"194","CDC is strengthening its recommendation on #COVID19 vaccine booster doses.  Everyone ages 18 and older should get a booster shot either when they are 6 months after their initial Pfizer or Moderna series or 2 months after initial J&amp;J vaccine. Learn more: https://t.co/SaOhiNfzQB. https://t.co/sCX8syYPFq",2021-12-01 01:31:32,0
"195","Any Californian age 18+ can get a #COVID19 booster 6 months after 2nd dose of Moderna/Pfizer OR 2 months after the J&amp;J vaccine. Get a booster for maximum protection this holiday season. Visit https://t.co/OgJ7A11YOR to make a booster appointment or find a nearby walk-in clinic. https://t.co/3wFM3Z8QDW",2021-11-27 19:14:01,0
"196","If you're 18 or older and it's been at least 6 months since your 2nd dose of Pfizer/Moderna vaccine OR at least 2 months since your J&amp;J shot, you're eligible to receive a booster.",2021-11-29 16:51:10,0
"197","If you're 18 or older and it's been at least 6 months since your 2nd dose of Pfizer/Moderna vaccine OR at least 2 months since your J&amp;J shot, you're eligible to receive a booster.",2021-12-01 01:09:44,0
"198","Aspen pharmaceutical of South Africa has signed a deal with Johnson &amp; Johnson (J&amp;J) that allows them manufacture an Aspen-branded COVID-19 vaccine from COVID-19 drug substance supplied by Johnson &amp; Johnson. The¬† Aspen-branded COVID-19 vaccine is to be called Aspenovax.",2021-12-01 00:55:52,0
"199","I can wear a mask I can get a vaccine but so help me god I cannot properly say ""Omicron"" (seriously will be sticking to ""new Covid variant"" on air until further notice) https://t.co/nPsGir8lbZ",2021-12-01 00:48:22,0
"200","@jaricheson Positive vibes! https://t.co/dhsOk32BiU",2021-11-30 19:25:40,0
"201","@chris_petsko @jaricheson Woot! ü•≥üéâüçæ https://t.co/hTQAzU7mHz",2021-12-01 00:48:04,0
"202","Need an additional dose of COVID-19 vaccine or a booster? 

Immunocompromised adults can get an additional dose after about 28 days after the second dose.

For those eligible for the booster - Moderna/Pfizer is after ~6 months. J&amp;J is after ~2 months. 

@DCHHS https://t.co/x6UREI1RQR",2021-11-30 23:01:05,0
"203","The @CDCgov now recommends everyone ages 18+ get a booster shot, 6 months after the Pfizer or Moderna vaccine or 2 months after the J&amp;J vaccine.",2021-11-30 22:40:24,0
"204","@carodare People taking dumb stuff has cost far fewer lives than the FDA taking forever to approve vaccines, boosters, and COVID pills, and also pulling the J&amp;J vaccine approval, which is the exact point when American vaccination rates cratered.",2021-11-30 22:31:41,0
"205","After reviewing results, NBA‚Äôs infectious disease experts believe some individuals who received J&amp;J vaccine at least two months ago ‚Äì or a second dose of Pfizer or Moderna at least six months ago ‚Äì have increased risk of breakthrough infections.",2021-11-30 22:02:19,0
"206","Among study‚Äôs findings: Antibody levels vary via vaccine type and among people vaccinated in same period; antibodies decline over time; Moderna and Pfizer vaccines created higher levels of antibodies compared to J&amp;J.",2021-11-30 22:01:18,0
"207","@LIFEisgood4189 @ElectraAscendin yes, please get a booster - there is no doubt with the J&amp;J vaccine that it needs a second shot
https://t.co/k0yNkwOcqC",2021-11-30 21:55:31,0
"208","‚û°Ô∏è Pfizer or Moderna COVID-19 vaccine recipients should get a booster six months after their second dose. Those who received a single J&amp;J COVID-19 vaccine should get a booster two months later. Learn more: https://t.co/ueFVNx25JN",2021-11-30 21:52:02,0
"209","#CDC has strengthened its recommendation on #COVID19 vaccine #BoosterShots: Everyone ages 18 &amp; older should get a booster dose, either 6 months after his or her initial Pfizer or Moderna series or 2 months after initial J&amp;J vaccine. Learn more at https://t.co/in3aG9YOTv https://t.co/tSzdjWDraF",2021-11-30 21:20:18,0
"210","Get boosted for a safer holiday season! Everyone 18+ can get a booster 6 months after your 2nd dose of the @pfizer or @moderna_tx  #COVID19 vaccine or 2 months after your single dose of J&amp;J‚Äôs Janssen #vaccine.
Find free vaccines near you at https://t.co/mtNS8sHDn8.
#WeCanDoThis https://t.co/JkpCHHZwrT",2021-11-30 21:44:28,0
"211","""Since the vaccine‚Äôs approval at the end of last year, Pfizer‚Äôs decisions have helped shape the course of the pandemic.‚Äù (@hannahkuchler - @FinancialTimes) https://t.co/Ksw4XOWrEZ",2021-11-30 21:41:00,0
"212","@Imonlyslightly @LonsdalesofH @laurakwebster @bot8numbersbot @AlanStout19 @Hazel18399658 @J_Donaldson_MP @paulgivan I‚Äôm totally aware of the CEV that‚Äôs one of the reasons why I‚Äôm opposed to vaccine certification as we see that it seems to lead to an increase in cases in the jurisdictions that it has been deployed",2021-11-30 21:40:58,0
"213","@Imonlyslightly @laurakwebster @bot8numbersbot @LonsdalesofH @AlanStout19 @Hazel18399658 @J_Donaldson_MP @paulgivan If you define people on vaccination and then treat them differently because of that vaccine you are discriminating against people and I will not ever support that",2021-11-30 18:08:50,0
"214","@Imonlyslightly @laurakwebster @bot8numbersbot @LonsdalesofH @AlanStout19 @Hazel18399658 @J_Donaldson_MP @paulgivan I have applauded the roll out of the vaccination many times, won‚Äôt it be great when everyone can live in peace without vaccine certification and the threat of mandatory programmes",2021-11-30 19:58:25,0
"215","The CDC is now recommending EVERYONE ages 18 and older to get a booster shot either 6 months after their initial Pfizer or Moderna series or 2 months after initial J&amp;J vaccine.
 
Learn more here ‚¨áÔ∏è 
https://t.co/imGU41EUOv",2021-11-30 21:29:20,0
"216","U.S. District Judge J. Michelle Childs will rule on the Savannah River Nuclear Solutions (@SRNSolutions) vaccine mandate at a later date.

Childs heard arguments this morning in Columbia. https://t.co/ayWFV5PVS0",2021-11-30 21:28:11,0
"217","The mRNA vaccines provide good protection against hospitalization for 4-6 months (~90%) whereas J&amp;J is lower. However, boosters are needed to bump up the immunity that wanes after that and these boosters could help protect against Omicron &amp; other variants not in the vaccine. https://t.co/XkMVuva9P7",2021-11-30 21:18:09,0
"218","There are approximately 150 Pfizer vaccines and just a couple Johnson &amp; Johnson vaccines left. Ample supply of the Moderna vaccine remains. The site will not be able to get additional supply of the Pfizer or J&amp;J vaccines today. (2/3)",2021-11-30 20:56:54,0
"219","If you received a J&amp;J vaccine, you can get a booster as early as two months after completing your primary COVID-19 vaccination. https://t.co/r0vEsUmQIZ",2021-11-30 20:51:32,0
"220","@Guy2Plain @DHSWI ‚ÄúThe Wisconsin Department of Health Services (DHS) supports CDC‚Äôs recommendation that everyone ages 18 and older should get a booster shot either when they are 6 months after their initial Pfizer or Moderna series or 2 months after their initial J&amp;J vaccine."" - WI DHS Secretary",2021-11-30 20:48:08,0
"221","UND Student Health Services will hold a pop-up #COVID19 clinic Dec. 1-2:

‚úÖ Moderna, Pfizer and J&amp;J vaccines will be available.

‚úÖ All students, faculty and staff are eligible; there is no charge.

‚úÖ Call 701.777.4500 to make an appointment.

üîó https://t.co/TUj5HNfA8D https://t.co/VWzxBQyz6U",2021-11-30 20:43:18,0
"222","TOMORROW: #COVID19 Pop-Up Vaccine Clinic from 5-8pm! Pfizer, Moderna, &amp; J&amp;J are available for 1st &amp; 2nd doses. Pfizer and Moderna are available for boosters. Pfizer is available for kids ages 5-11. Walk-ins welcome while supplies last! Appointments: https://t.co/wUJzZfIEME https://t.co/ADBIT7zCYL",2021-11-30 20:15:05,0
"223","The deal would allow Aspen to manufacture the J &amp; J vaccine under its own label, for sale on the African continent.

""We'll be manufacturing at Gqeberha... hoping to start as soon as we can in 2022..""
Stephen Saad, CEO - #Aspen Pharmacare #Aspenovax
https://t.co/maoNJGG2JE",2021-11-30 19:50:02,0
"224","Netcare on Omicrom variant and fourth wave. Dr Richard Friedland, CEO at @Netcare_Limited on #TheMoneyShow with @brucebusiness 

Aspen strikes deal with J&amp;J to launch own vaccine, called 'Aspenovax'. Stephen Saad, CEO at Aspen
#702WalkTheTalk https://t.co/iN9OwPzlFz",2021-11-30 15:55:48,0
"225","@happifydesign ‚ÄúComplete vaccination‚Äù is currently defined as two doses of an MRNA vaccine or one dose of J&amp;J. A ‚Äúbooster‚Äù is any dose beyond those.",2021-11-30 19:40:26,0
"226","Over 16,000,000 people have received the J&amp;J COVID vax in the United States‚Ä¶ assuming everyone will come in contact w/ COVID once, that translates to 160,000 deaths prevented due to the vaccine. #perspective https://t.co/rA3qJ9rtwW",2021-11-30 18:12:16,0
"227","@Reuters 160,000 deaths prevented in the U.S. alone thanks to the J&amp;J vaccine, but the anti-vaxxers don‚Äôt understand the math ü§∑üèª‚Äç‚ôÇÔ∏è",2021-11-30 18:13:02,0
"228","@MaxBalesteri @Reuters J&amp;J vaccine is definitely less effective &amp; more side-effect prone than the other vaccines ‚Äì the data‚Äôs pretty clear on this. Not surprising country‚Äôs are starting to not recognize it anymore given that the other vaccines are readily available",2021-11-30 18:36:27,0
"229",".@CDCDirector says the definition of fully vaccinated hasn't changed... but everyone who is 6 months out from an MRNA vaccine or 2 months out from J&amp;J should get a booster.",2021-11-30 18:04:07,0
"230","https://t.co/By0KBr5HQV | 'An important milestone': J&amp;J on striking deal with Aspen to remove vaccine inequity in Africa https://t.co/SAzWSrNTGz",2021-11-30 17:51:15,0
"231","https://t.co/By0KBr5HQV | Aspen strikes deal with J&amp;J to launch own vaccine, called 'Aspenovax' https://t.co/NGctUMrbae",2021-11-30 17:22:05,0
"232","'An important milestone': J&amp;J on striking deal with Aspen to remove vaccine inequity in Africa via ‚Å¶@News24‚Å©  https://t.co/WQJsh5yElK",2021-11-30 17:41:02,0
"233","#BusinessWrap with Akona Mlamleli - Portfolio manager @27four 

Aspen strikes deal with J&amp;J to launch own vaccine
Three Impala Platinum miners lose their lives
The new Twitter CEO
SA‚Äôs unemployment rate 

#MetroFMTalk 
@aycawe https://t.co/6aHsnyPWMY",2021-11-30 17:31:47,0
"234","BioNTech, Moderna and Johnson &amp; Johnson are working on vaccines that specifically target Omicron in case their existing shots are not effective against the new coronavirus variant, the companies said on Monday. https://t.co/6fpR0dUdoo",2021-11-29 19:50:00,0
"235","BioNTech, Moderna and Johnson &amp; Johnson are working on vaccines that specifically target omicron in case their existing shots are not effective against the new coronavirus variant, the companies said on Monday.
https://t.co/0XJOLZ0S2Y",2021-11-30 17:17:00,0
"236","Aspen secures rights to produce J&amp;J vaccine in Africa
https://t.co/6pDr8m6B80

#COVID19 https://t.co/6jUC74XiHz",2021-11-30 16:29:31,0
"237","ICYMI: CDC now says ALL adults SHOULD get a booster dose 6 months after their initial Pfizer or Moderna series or 2 months after their initial J&amp;J vaccine.

If you haven‚Äôt done so already, go get your booster today.",2021-11-30 16:18:17,0
"238","""Everyone ages 18 and older should get a booster shot either when they are 6 months after their initial Pfizer or Moderna series or 2 months after their initial J&amp;J vaccine,"" the U.S. Centers for Disease Control and Prevention said.  https://t.co/RyEVxcEjXm",2021-11-30 16:00:15,0
"239","‚ÄúAs an alternative to restrictions, restaurants can require their customers to present a Covid -19 passport. Help us to help you.""

Do they need govt to mandate vaccines? What's stopping them from requiring vaccine certificates for sit down restaurants? https://t.co/uFXSdYdNJ5",2021-11-27 13:46:15,0
"240","When you‚Äôre in a situation where it‚Äôs literally life/death, you will pay whatever the cost. Are you prepared to owe Netcare or mediclinic hundreds of thousands because you were too stubborn to take a free vaccine?",2021-11-30 15:53:59,0
"241","My mom has a chronic illness that made the cost of healthcare very real to me. Last year I had an op and the it was so pricy. People are talking so reckless on this app and have absolutely no idea how much healthcare costs. Vaccine is free. Lifesaving hospital stays cost üí≤ https://t.co/fc7ouqaQ4z",2021-11-30 15:52:38,0
"242","J.D. Vance: Shut Down Federal Government Until Vaccine Mandates End https://t.co/VQ7z34lmmI https://t.co/RzYksWX5Zr",2021-11-30 15:37:04,0
"243","""Everyone ages 18 and older should get a booster shot either when they are 6 months after their initial Pfizer or Moderna series or 2 months after their initial J&amp;J vaccine,"" the U.S. Centers for Disease Control and Prevention said.  https://t.co/fKFpFgiMDV",2021-11-30 15:30:17,0
"244","Johnson &amp; Johnson and Aspen are close to reaching a deal allowing the South African drug company to make an own-brand Covid-19 vaccine https://t.co/59hG1YiBXi",2021-11-30 14:59:42,0
"245","African leaders have called on tech transfer to be done to allow Aspen to produce drug substance for its version of the J&amp;J #COVID19vaccine within two years #COVID19 https://t.co/CTrI59EHG9",2021-11-30 14:46:46,0
"246","J&amp;J's licence to allow South Africa's Aspen to produce its #COVID19vaccine for Africa under the brand-name Aspenovax will run until 2026, initially with drug substance provided by J&amp;J #COVID19 https://t.co/CTrI59EHG9",2021-11-30 14:46:45,0
"247","Aspen's shift from contracted fill &amp; finish to a license to produce the J&amp;J #COVID19 vaccine should will Aspen control of where #COVID19vaccine doses go - as opposed to earlier this year when doses made in South Africa were shipped by J&amp;J to Europe. https://t.co/p7Hq6OMSqI",2021-11-30 14:02:11,0
"248","WHO Africa head says today's license agreement between J&amp;J and South Africa's Aspen Pharmacare for a #COVID19 vaccine ""gives us reason to be optimistic that we can actualize the African vision of seeing 60% of the region's vaccine needs manufactured locally by the year 2040.""",2021-11-30 14:00:16,0
"249","""This #COVID19 vaccine licence agreement (btw J&amp;J and Aspen) shows that collaboration is possible that we can find ways to collaborate with each other, even as the WTO continues negotiations on a response to the pandemic including IP issues,"" says  WTO's Ngozi Okonjo-Iweala.",2021-11-30 13:52:18,0
"250","""What is happening today is going to make a significant contribution to transforming production of vaccines &amp; essential health tools, I'm quite convinced,"" says @WHOAFRO @MoetiTshidi of new Aspen license to produce and distribute J&amp;J #COVID19 vaccine in Africa",2021-11-30 13:56:05,0
"251","Happy Monday! We‚Äôre open and giving #COVID19 vaccine today! We have Pfizer, Moderna, and J&amp;J COVID-19 Vaccine available. Everyone 5+ is eligible! WALK-INS ONLY!

‚è∞ COVID-19 Vaccine Hours:
M-Th 9-6
F 9-4:30

Questions? Call our COVID-19 Hotline ‚òéÔ∏è at 731-240-1771. #ThisIsOurShot https://t.co/aCqTybIpJ5",2021-11-29 14:32:18,0
"252",". @CDCgov stengthens its recommendation on #COVID19 vaccine booster doses. Everyone ages 18+ should get a booster shot either 6 months after their initial Pfizer or Moderna series or 2 months after initial J&amp;J vaccine. https://t.co/gdHdWPOnAC #ThisIsOurShot #WeCanDoThis https://t.co/JzphqKQgel",2021-11-30 14:25:17,0
"253","Aspen #SouthAfrica will manufacture &amp; sell its own branded Covid-19 vaccines to the African market, following an agreement with Johnson &amp; Johnson. J &amp; J  is granting Aspen an intellectual property licence to produce its vaccine under the new brand name ""Aspenovax"". üáøüá¶",2021-11-30 14:21:37,0
"254","The Port of Palm Beach in Riviera Beach is holding a COVID-19 testing and vaccine clinic tomorrow. Testing will be offered from 9 a.m.- 4 p.m. Both the Moderna and J &amp; J vaccine and booster will be available from 3:30 p.m.- 7 p.m. üíâüí™ü©π https://t.co/2TQOER1VsA",2021-11-29 13:56:50,0
"255","Today: The Port of Palm Beach in Riviera Beach is holding a COVID-19 testing and vaccine clinic. Testing will be offered from 9 a.m.- 4 p.m. Both the Moderna and J &amp; J vaccine and booster will be available from 3:30 p.m.- 7 p.m. üíâüí™ü©π https://t.co/HuyY4bvd25",2021-11-30 14:11:58,0
"256","V(D)J recombination is how B and T cells exist to respond to specific pathogens we‚Äôve never encountered before. It‚Äôs complicated and fascinating. But importantly, it occurs ALL THE TIME throughout our lives. No vaccine or pathogen exposure required. 
https://t.co/sNJmyUQMmi",2021-11-30 14:09:54,0
"257","more credible + useful S.African resources on C-19:
@SAHPRA1 ‚Äì¬†the health products regulatory authority (approves medicines, including vaccines) 
@LindaGailBekker ‚Äì¬†medical doctor, co-lead in J&amp;J vaccine trial etc
@_HassanF ‚Äì health justice initiative (seeking vaccine equity)",2021-11-30 14:05:31,0
"258","Johnson &amp; Johnson and Aspen are close to reaching a deal allowing the South African drug company to make an own-brand Covid-19 vaccine https://t.co/GrWrssYLC3",2021-11-30 14:00:19,0
"259","""Everyone ages 18 and older should get a booster shot either when they are 6 months after their initial Pfizer or Moderna series or 2 months after their initial J&amp;J vaccine,"" the U.S. Centers for Disease Control and Prevention said.  https://t.co/MX19g4HapB",2021-11-30 13:45:13,0
"260","üì¢ COVID-19 booster doses are recommended for those 18+ who have been fully vaccinated with Pfizer or Moderna for at least 6 months or J&amp;J for at least 2 months. 

Learn more and find a location to get your booster ‚¨áÔ∏è https://t.co/f7NibPL7k0",2021-11-30 13:30:10,0
"261","Dr. Walensky: The CDC is strengthening its recommendation on boosters for individuals 18 and older.

""Everyone ages 18 and older should get a booster shot either when they are 6 months after their initial Pfizer or Moderna series or 2 months after their initial J&amp;J vaccine.""",2021-11-30 13:30:00,0
"262","Johnson &amp; Johnson and Aspen are close to reaching a deal allowing the South African drug company to make an own-brand Covid-19 vaccine https://t.co/xLWOXp6VC5",2021-11-30 13:29:47,0
"263","Johnson &amp; Johnson and Aspen are close to reaching a deal allowing the South African drug company to make an own-brand Covid-19 vaccine https://t.co/o5Of7s7UkO",2021-11-30 13:15:55,0
"264","South Africa's Aspen signs deal paving way for J&amp;J COVID vaccine license https://t.co/8Y72zZ6a7q https://t.co/Gj7X9K2UyV",2021-11-30 12:40:40,0
"265","https://t.co/i1hINepk4J's Aspen signs non-binding agreement with J&amp;J for COVID vaccine license https://t.co/jAehGDfRTp",2021-11-30 12:30:08,0
"266","Also raises concern for people in 18-34 age group who received J&amp;J vaccine over the summer. Says they should be given boosters after NIAC's recommend gap of 3 months.",2021-11-30 11:35:11,0
"267","""Everyone ages 18 and older should get a booster shot either when they are 6 months after their initial Pfizer or Moderna series or 2 months after their initial J&amp;J vaccine,"" the U.S. Centers for Disease Control and Prevention said.  https://t.co/2AdwY1cdgl",2021-11-30 07:45:07,0
"268","""Everyone ages 18 and older should get a booster shot either when they are 6 months after their initial Pfizer or Moderna series or 2 months after their initial J&amp;J vaccine,"" the U.S. Centers for Disease Control and Prevention said.  https://t.co/0RJmp6038n",2021-11-30 07:15:16,0
"269","""Everyone ages 18 and older should get a booster shot either when they are 6 months after their initial Pfizer or Moderna series or 2 months after their initial J&amp;J vaccine,"" the U.S. Centers for Disease Control and Prevention said.  https://t.co/KYU0HNBsgX",2021-11-30 06:30:33,0
"270","@RitaRubin We're failing. The world is focused on Pfizer/Moderna/J&amp;J and should be focused on getting the first intranasal vaccine accomplished to prevent transmission. Someone with more clout needs to get the WH aware of this and mobilized. https://t.co/N4udZQrEno",2021-11-30 03:43:23,0
"271","The CDC opened their COVID-19 booster shot recommendations to include anyone ages 18 and older within six months of their initial series of vaccines or 2 months after their initial J&amp;J vaccine.

https://t.co/d93xbXiHna",2021-11-30 02:30:00,0
"272","""Everyone ages 18 and older should get a booster shot either when they are 6 months after their initial Pfizer or Moderna series or 2 months after their initial J&amp;J vaccine,"" the U.S. Centers for Disease Control and Prevention said.  https://t.co/fMFJxCxTAb",2021-11-30 01:40:04,0
"273","""Everyone ages 18 and older should get a booster shot either when they are 6 months after their initial Pfizer or Moderna series or 2 months after their initial J&amp;J vaccine,"" the U.S. Centers for Disease Control and Prevention said.  https://t.co/4OkizmUwdT",2021-11-30 01:15:15,0
"274","Covid vaccine #Booster clinic | Moderna, Pfizer, J&amp;J | Eden Church | Saturday, December 4th | 11am - 3:30pm https://t.co/6wxn7B66av",2021-11-30 00:48:04,0
"275","""Everyone ages 18 and older should get a booster shot either when they are 6 months after their initial Pfizer or Moderna series or 2 months after their initial J&amp;J vaccine,"" the U.S. Centers for Disease Control and Prevention said.  https://t.co/SRHcCnzXJL",2021-11-30 00:45:22,0
"276","Do you have questions about the COVID-19 vaccine for children 5-11? Join us tonight 6 p.m. to hear from our doctors. 

üëâ Join here: https://t.co/Ect49889jz https://t.co/g8jUdrBO6z",2021-11-29 23:00:12,0
"277","UPDATE - @CDCgov is now recommending #COVID19 vaccine booster doses to all adults. So everyone ages 18 &amp; up should get a booster either when they are 6 months after their initial Pfizer or Moderna series - or 2 months after their initial J&amp;J vaccine.   https://t.co/qVEAQ8drSo",2021-11-29 22:08:08,0
"278","@martinbowling Although most important data there to me is using mRNA vaccine (Moderna or Pfizer) as boost if your initial vaccine was J&amp;J",2021-11-29 22:00:42,0
"279","#COVID-19 #Vaccine Update: @CDCgov strengthened booster dose recommendations, stating that everyone age 18+ should get a booster shot either 6 months after initial Pfizer or Moderna series or 2 months after initial J&amp;J vaccine https://t.co/nJiFGOL8Wk #GetVaccinated https://t.co/utjUDH1WT0",2021-11-29 22:00:07,0
"280",".@CDCgov expands recommendation on booster doses to all adults 18 and older when they are 6 months after their initial Pfizer or Moderna series or 2 months after their initial J&amp;J vaccine.",2021-11-29 21:48:40,0
"281","If your last Pfizer/Moderna vaccine was more than 6 months ago, or J&amp;J was more than 2 months ago, you should get a booster. If you are unvaccinated, please talk to your doctor. If you don‚Äôt have a doctor, read what doctor‚Äôs organizations like the AMA have said about vaccines. https://t.co/fOY9wjPeQR",2021-11-29 21:28:28,0
"282","The CDC is strengthening its recommendation on booster doses -- Everyone ages 18 and older should get a booster shot either when they are 6 months after their initial Pfizer or Moderna series or 2 months after their initial J&amp;J vaccine.",2021-11-29 21:22:15,0
"283","The CDC is strengthening its booster guidance, saying all adults 18+ *should* get a booster shot either 6 months after their initial Pfizer or Moderna series or 2 months after their initial J&amp;J vaccine.",2021-11-29 21:18:55,0
"284","NEW from @CDCgov amid rise of #OmicronVariant: ""Everyone ages 18 and older should get a booster shot either when they are 6 months after their initial Pfizer or Moderna series or 2 months after their initial J&amp;J vaccine.""",2021-11-29 21:18:16,0
"285","Breaking: CDC Director Rochelle Walensky strengthens booster recommendations:

""Everyone ages 18 and older should get a booster shot either when they are 6 months after their initial Pfizer or Moderna series or 2 months after their initial J&amp;J vaccine.""

https://t.co/qiTe73x6wx https://t.co/jrEobImjEW",2021-11-29 21:14:47,0
"286","NEW: ""CDC is strengthening its recommendation on booster doses for individuals who are 18 years and older. Everyone ages 18 and older should get a booster shot either when they are 6 months after their initial Pfizer or Moderna series or 2 months after their initial J&amp;J vaccine."" https://t.co/33pzJnReob",2021-11-29 20:59:31,0
"287","Thanks to the wonderful staff at Ulster Hospital for administering my Covid-19 vaccine booster. Our HSC staff do an excellent job serving people of Northern Ireland in challenging times. I encourage everyone to come forward for their vaccine booster as soon as they are eligible. https://t.co/j6BmWfixcz",2021-11-29 20:00:41,0
"288","COVID-19 boosters are now available for ages 18+. 

Increase your protection against COVID-19 and its variants by getting your booster shot six months after your final Pfizer or Moderna dose or two months after your Janssen/J&amp;J dose. 

Learn more at https://t.co/j7YrAv3ZdT. https://t.co/dPD1d7jeJ3",2021-11-29 19:57:40,0
"289","@BatScientist @kaitlancollins @maggieNYT From 5 days ago‚Ä¶ https://t.co/5MCzcpS52r",2021-11-29 19:49:10,0
"290","If it‚Äôs time to get your #COVID19vaccine booster shot, visit a #TravisCounty vaccine clinic today (11/29)! üíâ

Boosters are free &amp; available for adults 6 months after 2-dose Moderna or Pfizer vaccine OR 2 months after J&amp;J vaccine. Vaccine clinics calendar: https://t.co/mvanjfQNno https://t.co/bhHdhsMYQt",2021-11-29 19:22:31,0
"291","We know that the pathway out of this pandemic is to #GetVaccinated!

If you‚Äôre age 18+ and 6 months past your second dose of the Moderna/Pfizer vaccine, or 2 months past your J&amp;J vaccine, now is the time to get your booster and stay protected! https://t.co/CKAzER0zuS",2021-11-29 18:46:54,0
"292","Pfizer says it‚Äôs working specifically to create a vaccine for the omicron variant, and it would be ready in 100 days. 
Moderna is also working on a booster.
J &amp; J said it will evaluate its vaccine against the variant.",2021-11-29 18:35:05,0
"293","South Africa recently postponed delivery of new J&amp;J/Pfizer vaccines due to poor logistical capacity and vaccine hesitancy,yet advocates for vaccine equity insist it's a supply issue when the constraints in many poor countries is vaccine hesitancy and poor leadership. My latest. https://t.co/bia1x0qyRd",2021-11-29 18:09:07,0
"294","Q&amp;A: If you are one of the 236,418 people who received the J&amp;J vaccine earlier this year, here's everything you need to know about getting a booster:
https://t.co/ERpZ9DasRJ",2021-11-29 17:55:04,0
"295","Walk-Up for your #COVID19 Vaccine. No Appointment Needed!

Southeast Branch Library (Moderna, Pfizer12 + and J&amp;J)  

üìç5803 Nuckols Crossing Rd 

üìÜ Tuesday+Friday: 3-8PM  

üìÜSaturday: 10AM-2PM 

(1/4) https://t.co/hz0TSFMqSr",2021-11-29 16:25:08,0
"296","No WMDs were found in Iraq, but many Republicans believed so https://t.co/MSLYewt03B
Climate change? Republicans less likely to hold beliefs consistent w/science https://t.co/BpoEs1vRiW
Vaccines &amp; health protective behavior help but.. you get the point https://t.co/oF6FuBg9FI 2/5",2021-11-29 16:24:17,0
"297","Get boosted for the holidays if you‚Äôre 18+ and it‚Äôs been 6+ months since you got your 2nd dose of the Pfizer or Moderna #COVID19 vaccine or 2+ months since you got your single dose of J&amp;J‚Äôs Janssen vaccine.

Find free vaccines near you at https://t.co/XWraw5KUyC.

#WeCanDoThis https://t.co/NcgHRBsTi2",2021-11-29 15:37:58,0
"298","Everyone ages 18 years and older is eligible for a COVID-19 booster shot. You can get a booster 6 months after you‚Äôre fully vaccinated with a 2-dose vaccine, Pfizer-BioNTech or Moderna, and 2 months after you‚Äôre fully vaccinated with a 1-dose vaccine, J&amp;J/Janssen. (1/2) https://t.co/TmBddL23N2",2021-11-29 15:34:05,0
"299","What vaccine makers are saying about Omicron (cont):

-This AM, Pfizer/BioNTech &amp; J&amp;J also announced they've begun work on omicron-specific vaccines, should they be needed

https://t.co/A6nTJzE0xO (6/2)",2021-11-29 13:41:41,0
"300","And the winner is....
https://t.co/xq6koWILxZ",2021-11-29 12:41:59,0
"301","@eneldiluvio @AtulBaliMD @ChristosArgyrop Some things the study did report: Vaccine type (Moderna, Pfizer, J&amp;J) and time since vaccination both had the effect you'd expect. Also unvaccinated were 50% more likely to have a positive culture result.",2021-11-29 10:03:50,0
"302","üì¢ Over 18s resident in Brussels üáßüá™ can now book an appointment for a #Covid19 booster vaccine:

üíâ2 months after single dose J&amp;J
üíâ4 months after 2nd dose of AstraZeneca
üíâ6 months after 2nd dose of Pfizer/Moderna 

üìÖ See https://t.co/SV8DL6HpPv for more info.",2021-11-29 10:00:22,0
"303","@BeckettUnite @mskathleenquinn Let's not forget that Pfizer, AZ, and J+J all had clinical trial participants from South Africa.

So they helped with the vaccine coming to market.",2021-11-29 02:31:44,0
"304","@StelioSavante @Porter_Anderson @Acosta South Africa asked Pfizer and Johnson &amp; Johnson to stop sending vaccine doses, as reported less than a week ago. It is true that vaccination rates there are low, and that supply was an issue for months, but supply is not the constraining factor now. https://t.co/G80ZMDfKl7",2021-11-29 02:21:41,0
"305","@KryptonDon @jontalotta @WSJ Vaccine efficacy is below 50% in as little as 3 months after taking it, and for J&amp;J it‚Äôs in the low teens.

Which is why persistent boosters will now be required, which further increase risk of myocarditis or other vaccine induced complication.

You increase your risk each time.",2021-11-29 00:00:15,0
"306","""So for that group of people, switching over may actually have an advantage,"" says Dr. Bernard Camins on recipients of the J&amp;J #COVID19 vaccine receiving #Moderna or #Pfizer booster shots: https://t.co/JgE4y9gKfg https://t.co/y84yVbo1XE",2021-11-28 22:30:04,0
"307","Finally, responsible reporting is needed. The way #OmicronVariant was reported on is infuriating. We should be focused on positive pressure on Pfizer, Moderna and J&amp;J to remove patents so that Africa can start producing the vaccine there.",2021-11-28 22:19:03,0
"308","South Africa Wants J&amp;J &amp; Pfizer to delay delivery of Covid-19 Vaccines.

‚ÄúIt is entirely owing to hesitancy. We have plenty vaccine and capacity but hesitancy is a challenge.‚Äù https://t.co/oyaqpuxEGv",2021-11-28 21:06:08,0
"309","S. Africa Wants J&amp;J and Pfizer to stop sending vaccines - Bloomberg https://t.co/KrQx8ks8Sg",2021-11-28 13:53:09,0
"310","Galvez says negotiations were ongoing with Pfizer, Moderna, J&amp;J, AstraZeneca, and Gamaleya. 

Philippines eyes deals for at least 90 million COVID-19 vaccine doses in 2022 https://t.co/DK63eSyzZW",2021-11-28 12:30:17,0
"311","@JonnyGeller Not quite true, it seems https://t.co/eneTkqPwh6",2021-11-28 10:18:20,0
"312","@Toky02 Interesting. The J&amp;J vaccine, while falling short of the others in antibodies, was shown to apparently have a good T-cell response. (I read the studies pretty closely because I got J&amp;J in the US in late May.)",2021-11-28 08:55:31,0
"313","Galvez on negotiations for more vaccine doses in 2022: Majority ng companies na kinakausap natin ay Pfizer, Moderna, AstraZeneca, Sputnik, and J&amp;J",2021-11-28 05:45:40,0
"314","@ProudlyCentrist South Africa had to ask J&amp;J and Phizer to delay more shipments of the vaccine  because they had too much in stock due to hesitancy.

Botswana, where it was also initially found, has close to the same vaccination rate as South Africa.",2021-11-28 03:20:02,0
"315","My husband @JerickFL and I just got our COVID vaccine boosters at @cvspharmacy! @CDCgov now recommends adults 18+ get boosted 6 months after Pfizer/Moderna‚Äôs two-part vaccine or 2 months after J &amp; J! üíâü¶† 

More short-term COVID antibodies = more protection during the holidays!üéÑ https://t.co/FlC6X6kn9a",2021-11-27 21:29:42,0
"316","Days before Omicron was announced S. Africa halted their vaccine orders from Pfizer due to lack of interest by its citizens.

Suddenly there‚Äôs a new variant originating from the region and travel is banned. 

More punishment for ‚Äúthe unvaccinated‚Äù?  https://t.co/DUFNtV9kPP",2021-11-27 19:15:22,0
"317","Is Omicron more severe than Delta or other variants? 
We don‚Äôt know yet. There have been breakthrough infections in South Africa among people who have received the J&amp;J, Pfizer‚ÄìBioNTech and Oxford‚ÄìAstraZeneca vaccines. Two in Hong Kong reportedly had Pfizer vaccine.9/14",2021-11-27 18:24:31,0
"318","CNBC story Covid news: Pfizer-BioNTech, Moderna, J&amp;J, AstraZeneca investigating omicron https://t.co/E8j5hN5ZpB",2021-11-27 17:10:46,0
"319","@RebeccaReal6 Depends on which vaccine they received and when. Remember that SA was an early adopter of the J&amp;J, and that vaccine is only about 70% effective against hospitalization. About 1 in 3 vaccinated adults in SA have taken J&amp;J. (It‚Äôs about 1 in 4 in Gauteng). https://t.co/8rphxRDV6K",2021-11-27 15:40:50,0
"320","Are you a health worker who received a J&amp;J vaccine dose through the Sisonke study? You are now eligible for a booster shot. Even if you are pregnant or breastfeeding, you can vaccinate. You will receive an SMS to participate in the Sisonke 2 #VaccinesSaveLives #Sisonke2 https://t.co/lGOf4vdxSa",2021-11-27 12:32:12,0
"321","üî≤ Developed at National Aerospace Laboratories it can be used in hilly states like J&amp;K, Himachal, Arunachal where transportation isn't easy &amp; it's difficult for health workers to transport vaccines: Union Min @DrJitendraSingh on Octa Med Drone for aerial delivery of vaccine https://t.co/1yxeNZRQNk",2021-11-27 12:05:54,0
"322","Developed at National Aerospace Laboratories it can be used in hilly states like J&amp;K/Himachal/Arunachal where transportation isn't easy &amp; it's difficult for health workers to transport vaccines: Union Min @DrJitendraSingh on Octa Med Drone launched for aerial delivery of vaccine https://t.co/5Q8z3ESCNV",2021-11-27 12:00:02,0
"323","Developed at National Aerospace Laboratories it can be used in hilly states like J&amp;K, Himachal, Arunachal where transportation isn't easy &amp; it's difficult for health workers to transport vaccines: Union Min Jitendra Singh on Octa Med Drone launched for aerial delivery of vaccine. https://t.co/ZHKTEVuYNA",2021-11-27 11:49:30,0
"324","Developed at National Aerospace Laboratories it can be used in hilly states like J&amp;K, Himachal, Arunachal where transportation isn't easy &amp; it's difficult for health workers to transport vaccines: Union Min Jitendra Singh on Octa Med Drone launched for aerial delivery of vaccine https://t.co/13t88ceHrH",2021-11-27 11:49:06,0
"325","Developed at National Aerospace Laboratories it can be used in hilly states like J&amp;K, Himachal, Arunachal where transportation isn't easy &amp; it's difficult for health workers to transport vaccines: Union Min Jitendra Singh on Octa Med Drone launched for aerial delivery of vaccine https://t.co/c0Gxj08KMn",2021-11-27 11:47:02,0
"326","Looks like those of us with J&amp;J vaccine might need to be especially careful until we get a booster. Can the government make a call on this please? https://t.co/vIpmomP3kc https://t.co/NkoiTBcI7L",2021-11-27 10:57:50,0
"327","We are obviously behind on our Vaccine orders / payments. This is how they pressure u to order More !! Whether u use them or not ! I rate we‚Äôre sitting with a lot of stock, soon to expire and The Pfizer‚Äôs and the J&amp;J‚Äôs are saying : ‚ÄúHi ? When are u placing ur next order?‚Äù https://t.co/ikKty1Ue4G",2021-11-27 09:19:59,0
"328","@swheaton Yep. Supply seems not to have been the problem in South Africa, at least not recently https://t.co/zFbxpjD6AH",2021-11-27 09:17:40,0
